Date,Time,Light,SD ,Rep,NewRep,ID,Weight,Severity,Presence
44587,t1,Ambient,1,R1,1,1,4,0,0
44587,t1,Ambient,1,R1,1,2,5,1,1
44587,t1,Ambient,1,R1,1,3,5.9,1,1
44587,t1,Ambient,1,R1,1,4,3.2,1,1
44587,t1,Ambient,1,R1,1,5,3,0,0
44587,t1,Ambient,1,R1,1,6,2.8,0,0
44587,t1,Ambient,1,R1,1,7,3.5,1,1
44587,t1,Ambient,1,R1,1,8,3.4,1,1
44587,t1,Ambient,1,R1,1,9,5.9,1,1
44587,t1,Ambient,1,R1,1,10,4.5,0,0
44587,t1,Ambient,1,R1,1,11,4.9,1,1
44587,t1,Ambient,1,R1,1,12,2.3,1,1
44587,t1,Ambient,1,R1,1,13,5.1,1,1
44587,t1,Ambient,1,R1,1,14,2.8,0,0
44587,t1,Ambient,1,R1,1,15,3.4,1,1
44587,t1,Ambient,1,R1,1,16,4.2,1,1
44587,t1,Ambient,1,R1,1,17,4,1,1
44587,t1,Ambient,1,R1,1,18,6.1,1,1
44587,t1,Ambient,1,R1,1,19,3.1,0,0
44587,t1,Ambient,1,R1,1,20,1.7,0,0
44587,t1,Ambient,1,R2,2,21,5,1,1
44587,t1,Ambient,1,R2,2,22,4.3,1,1
44587,t1,Ambient,1,R2,2,23,3.9,0,0
44587,t1,Ambient,1,R2,2,24,6.1,1,1
44587,t1,Ambient,1,R2,2,25,6.1,0,0
44587,t1,Ambient,1,R2,2,26,5.3,1,1
44587,t1,Ambient,1,R2,2,27,6.6,1,1
44587,t1,Ambient,1,R2,2,28,5.2,1,1
44587,t1,Ambient,1,R2,2,29,3,1,1
44587,t1,Ambient,1,R2,2,30,3.4,1,1
44587,t1,Ambient,1,R2,2,31,6.6,1,1
44587,t1,Ambient,1,R2,2,32,3.7,1,1
44587,t1,Ambient,1,R2,2,33,5.2,0,0
44587,t1,Ambient,1,R2,2,34,4.3,1,1
44587,t1,Ambient,1,R2,2,35,6.1,1,1
44587,t1,Ambient,1,R2,2,36,2.7,1,1
44587,t1,Ambient,1,R2,2,37,6.7,0,0
44587,t1,Ambient,1,R2,2,38,3.9,0,0
44587,t1,Ambient,1,R2,2,39,3.8,1,1
44587,t1,Ambient,1,R2,2,40,5.5,0,0
44587,t1,Ambient,1,R3,3,41,5.5,0,0
44587,t1,Ambient,1,R3,3,42,3.5,1,1
44587,t1,Ambient,1,R3,3,43,5.4,1,1
44587,t1,Ambient,1,R3,3,44,5.3,1,1
44587,t1,Ambient,1,R3,3,45,3.7,1,1
44587,t1,Ambient,1,R3,3,46,2.9,1,1
44587,t1,Ambient,1,R3,3,47,3.2,1,1
44587,t1,Ambient,1,R3,3,48,4.9,1,1
44587,t1,Ambient,1,R3,3,49,5.6,0,0
44587,t1,Ambient,1,R3,3,50,4.5,1,1
44587,t1,Ambient,1,R3,3,51,5.7,1,1
44587,t1,Ambient,1,R3,3,52,5.5,1,1
44587,t1,Ambient,1,R3,3,53,1.8,0,0
44587,t1,Ambient,1,R3,3,54,3.2,0,0
44587,t1,Ambient,1,R3,3,55,3.2,0,0
44587,t1,Ambient,1,R3,3,56,4.3,0,0
44587,t1,Ambient,1,R3,3,57,3.3,0,0
44587,t1,Ambient,1,R3,3,58,5.5,0,0
44587,t1,Ambient,1,R3,3,59,5.5,0,0
44587,t1,Ambient,1,R3,3,60,4.1,0,0
44587,t1,Ambient,2,R1,4,61,4.2,1,1
44587,t1,Ambient,2,R1,4,62,5.3,0,0
44587,t1,Ambient,2,R1,4,63,6.7,0,0
44587,t1,Ambient,2,R1,4,64,7,1,1
44587,t1,Ambient,2,R1,4,65,3.2,0,0
44587,t1,Ambient,2,R1,4,66,3.3,0,0
44587,t1,Ambient,2,R1,4,67,4.1,0,0
44587,t1,Ambient,2,R1,4,68,4.3,0,0
44587,t1,Ambient,2,R1,4,69,5,1,1
44587,t1,Ambient,2,R1,4,70,6.6,1,1
44587,t1,Ambient,2,R1,4,71,2.1,0,0
44587,t1,Ambient,2,R1,4,72,3.4,0,0
44587,t1,Ambient,2,R1,4,73,5.5,1,1
44587,t1,Ambient,2,R1,4,74,2.9,1,1
44587,t1,Ambient,2,R1,4,75,3.2,0,0
44587,t1,Ambient,2,R1,4,76,4.6,1,1
44587,t1,Ambient,2,R1,4,77,6.1,0,0
44587,t1,Ambient,2,R1,4,78,7.7,0,0
44587,t1,Ambient,2,R1,4,79,5.4,1,1
44587,t1,Ambient,2,R1,4,80,6.8,0,0
44587,t1,Ambient,2,R2,5,81,3.2,1,1
44587,t1,Ambient,2,R2,5,82,6.3,1,1
44587,t1,Ambient,2,R2,5,83,3.8,1,1
44587,t1,Ambient,2,R2,5,84,7.2,1,1
44587,t1,Ambient,2,R2,5,85,4,1,1
44587,t1,Ambient,2,R2,5,86,3,1,1
44587,t1,Ambient,2,R2,5,87,2.3,0,0
44587,t1,Ambient,2,R2,5,88,2.6,0,0
44587,t1,Ambient,2,R2,5,89,3.7,0,0
44587,t1,Ambient,2,R2,5,90,3.6,0,0
44587,t1,Ambient,2,R2,5,91,3.1,1,1
44587,t1,Ambient,2,R2,5,92,2.9,0,0
44587,t1,Ambient,2,R2,5,93,8.2,0,0
44587,t1,Ambient,2,R2,5,94,5.4,0,0
44587,t1,Ambient,2,R2,5,95,5,0,0
44587,t1,Ambient,2,R2,5,96,2.4,0,0
44587,t1,Ambient,2,R2,5,97,4,1,1
44587,t1,Ambient,2,R2,5,98,1.2,0,0
44587,t1,Ambient,2,R2,5,99,3.6,0,0
44587,t1,Ambient,2,R2,5,100,2.5,1,1
44587,t1,Ambient,2,R3,6,101,5.4,0,0
44587,t1,Ambient,2,R3,6,102,3,0,0
44587,t1,Ambient,2,R3,6,103,2.4,0,0
44587,t1,Ambient,2,R3,6,104,4,1,1
44587,t1,Ambient,2,R3,6,105,6.4,1,1
44587,t1,Ambient,2,R3,6,106,2.4,0,0
44587,t1,Ambient,2,R3,6,107,2.1,0,0
44587,t1,Ambient,2,R3,6,108,5.7,1,1
44587,t1,Ambient,2,R3,6,109,3,0,0
44587,t1,Ambient,2,R3,6,110,5,0,0
44587,t1,Ambient,2,R3,6,111,3.8,0,0
44587,t1,Ambient,2,R3,6,112,4,0,0
44587,t1,Ambient,2,R3,6,113,3.7,0,0
44587,t1,Ambient,2,R3,6,114,3.6,1,1
44587,t1,Ambient,2,R3,6,115,3.3,1,1
44587,t1,Ambient,2,R3,6,116,3.6,1,1
44587,t1,Ambient,2,R3,6,117,1.4,0,0
44587,t1,Ambient,2,R3,6,118,4.7,1,1
44587,t1,Ambient,2,R3,6,119,3.6,0,0
44587,t1,Ambient,2,R3,6,120,4.6,1,1
44587,t1,Ambient,3,R1,7,121,4.9,1,1
44587,t1,Ambient,3,R1,7,122,6.2,0,0
44587,t1,Ambient,3,R1,7,123,5.9,1.5,1
44587,t1,Ambient,3,R1,7,124,3.2,1,1
44587,t1,Ambient,3,R1,7,125,4.5,0,0
44587,t1,Ambient,3,R1,7,126,5,3,1
44587,t1,Ambient,3,R1,7,127,6.2,1,1
44587,t1,Ambient,3,R1,7,128,5.1,1,1
44587,t1,Ambient,3,R1,7,129,4,1,1
44587,t1,Ambient,3,R1,7,130,5.6,0,0
44587,t1,Ambient,3,R1,7,131,1.3,0,0
44587,t1,Ambient,3,R1,7,132,4.5,0,0
44587,t1,Ambient,3,R1,7,133,2.8,0,0
44587,t1,Ambient,3,R1,7,134,4.2,0,0
44587,t1,Ambient,3,R1,7,135,3.8,0,0
44587,t1,Ambient,3,R1,7,136,1.8,0,0
44587,t1,Ambient,3,R1,7,137,2.2,1,1
44587,t1,Ambient,3,R1,7,138,5.7,0,0
44587,t1,Ambient,3,R1,7,139,2.4,0,0
44587,t1,Ambient,3,R1,7,140,3.9,1,1
44587,t1,Ambient,3,R2,8,141,2.1,0,0
44587,t1,Ambient,3,R2,8,142,6,0,0
44587,t1,Ambient,3,R2,8,143,5.2,1,1
44587,t1,Ambient,3,R2,8,144,3.5,0,0
44587,t1,Ambient,3,R2,8,145,3.7,1,1
44587,t1,Ambient,3,R2,8,146,5.8,1,1
44587,t1,Ambient,3,R2,8,147,3.7,1,1
44587,t1,Ambient,3,R2,8,148,3.2,0,0
44587,t1,Ambient,3,R2,8,149,3.6,1,1
44587,t1,Ambient,3,R2,8,150,1.9,0,0
44587,t1,Ambient,3,R2,8,151,3.9,1,1
44587,t1,Ambient,3,R2,8,152,6.6,0,0
44587,t1,Ambient,3,R2,8,153,5.9,0,0
44587,t1,Ambient,3,R2,8,154,4.3,0,0
44587,t1,Ambient,3,R2,8,155,2.4,0,0
44587,t1,Ambient,3,R2,8,156,2.8,0,0
44587,t1,Ambient,3,R2,8,157,6.5,0,0
44587,t1,Ambient,3,R2,8,158,2.2,0,0
44587,t1,Ambient,3,R2,8,159,2.5,0,0
44587,t1,Ambient,3,R2,8,160,6.7,0,0
44587,t1,Ambient,3,R3,9,161,5.1,1,1
44587,t1,Ambient,3,R3,9,162,4.8,0,0
44587,t1,Ambient,3,R3,9,163,6.4,1,1
44587,t1,Ambient,3,R3,9,164,4.6,1,1
44587,t1,Ambient,3,R3,9,165,2.4,0,0
44587,t1,Ambient,3,R3,9,166,5.2,1,1
44587,t1,Ambient,3,R3,9,167,4.5,0,0
44587,t1,Ambient,3,R3,9,168,4,1,1
44587,t1,Ambient,3,R3,9,169,5.3,0,0
44587,t1,Ambient,3,R3,9,170,3.2,0,0
44587,t1,Ambient,3,R3,9,171,4.4,0,0
44587,t1,Ambient,3,R3,9,172,2.3,0,0
44587,t1,Ambient,3,R3,9,173,4,0,0
44587,t1,Ambient,3,R3,9,174,2.6,0,0
44587,t1,Ambient,3,R3,9,175,4.1,1,1
44587,t1,Ambient,3,R3,9,176,2.7,0,0
44587,t1,Ambient,3,R3,9,177,4.4,0,0
44587,t1,Ambient,3,R3,9,178,4.3,0,0
44587,t1,Ambient,3,R3,9,179,5,1,1
44587,t1,Ambient,3,R3,9,180,3.7,0,0
44587,t1,Low,1,R1,10,181,7.9,0,0
44587,t1,Low,1,R1,10,182,8.3,0,0
44587,t1,Low,1,R1,10,183,4,0,0
44587,t1,Low,1,R1,10,184,6.8,0,0
44587,t1,Low,1,R1,10,185,4.9,0,0
44587,t1,Low,1,R1,10,186,4.3,0,0
44587,t1,Low,1,R1,10,187,4.5,0,0
44587,t1,Low,1,R1,10,188,4.4,1,1
44587,t1,Low,1,R1,10,189,3.8,0,0
44587,t1,Low,1,R1,10,190,2.8,0,0
44587,t1,Low,1,R1,10,191,4,0,0
44587,t1,Low,1,R1,10,192,3.1,1,1
44587,t1,Low,1,R1,10,193,5.2,0,0
44587,t1,Low,1,R1,10,194,5.4,0,0
44587,t1,Low,1,R1,10,195,1.4,0,0
44587,t1,Low,1,R1,10,196,3,1,1
44587,t1,Low,1,R1,10,197,4.2,0,0
44587,t1,Low,1,R1,10,198,4.7,0,0
44587,t1,Low,1,R1,10,199,1.9,0,0
44587,t1,Low,1,R1,10,200,3.2,1,1
44587,t1,Low,1,R2,11,201,6.1,0,0
44587,t1,Low,1,R2,11,202,3.1,0,0
44587,t1,Low,1,R2,11,203,2.2,1,1
44587,t1,Low,1,R2,11,204,3,0,0
44587,t1,Low,1,R2,11,205,2.4,0,0
44587,t1,Low,1,R2,11,206,4.2,0,0
44587,t1,Low,1,R2,11,207,1.8,0,0
44587,t1,Low,1,R2,11,208,3.4,1,1
44587,t1,Low,1,R2,11,209,1.3,0,0
44587,t1,Low,1,R2,11,210,2.5,0,0
44587,t1,Low,1,R2,11,211,3.3,1,1
44587,t1,Low,1,R2,11,212,4.1,0,0
44587,t1,Low,1,R2,11,213,1.4,0,0
44587,t1,Low,1,R2,11,214,1.9,0,0
44587,t1,Low,1,R2,11,215,4.2,0,0
44587,t1,Low,1,R2,11,216,1.7,0,0
44587,t1,Low,1,R2,11,217,3.6,0,0
44587,t1,Low,1,R2,11,218,5.7,1,1
44587,t1,Low,1,R2,11,219,2.8,1,1
44587,t1,Low,1,R2,11,220,4.1,1,1
44587,t1,Low,1,R3,12,221,4.8,1,1
44587,t1,Low,1,R3,12,222,1.4,0,0
44587,t1,Low,1,R3,12,223,3,1,1
44587,t1,Low,1,R3,12,224,2.5,0,0
44587,t1,Low,1,R3,12,225,5.1,1,1
44587,t1,Low,1,R3,12,226,3.5,1,1
44587,t1,Low,1,R3,12,227,2.8,2,1
44587,t1,Low,1,R3,12,228,2.9,1,1
44587,t1,Low,1,R3,12,229,6.2,1,1
44587,t1,Low,1,R3,12,230,2.5,0,0
44587,t1,Low,1,R3,12,231,4.8,0,0
44587,t1,Low,1,R3,12,232,4.3,0,0
44587,t1,Low,1,R3,12,233,3.3,0,0
44587,t1,Low,1,R3,12,234,3.2,1,1
44587,t1,Low,1,R3,12,235,1.3,0,0
44587,t1,Low,1,R3,12,236,6.1,0,0
44587,t1,Low,1,R3,12,237,4.5,0,0
44587,t1,Low,1,R3,12,238,1.8,0,0
44587,t1,Low,1,R3,12,239,3.9,1,1
44587,t1,Low,1,R3,12,240,1.4,0,0
44587,t1,Low,2,R1,13,241,5,1,1
44587,t1,Low,2,R1,13,242,5.3,1.5,1
44587,t1,Low,2,R1,13,243,3.2,0,0
44587,t1,Low,2,R1,13,244,6.2,0,0
44587,t1,Low,2,R1,13,245,3.5,0,0
44587,t1,Low,2,R1,13,246,2.5,1.5,1
44587,t1,Low,2,R1,13,247,2.7,1,1
44587,t1,Low,2,R1,13,248,2.3,0,0
44587,t1,Low,2,R1,13,249,5.9,1,1
44587,t1,Low,2,R1,13,250,6.3,0,0
44587,t1,Low,2,R1,13,251,5.7,1,1
44587,t1,Low,2,R1,13,252,2.4,1,1
44587,t1,Low,2,R1,13,253,2.8,1,1
44587,t1,Low,2,R1,13,254,4.3,0,0
44587,t1,Low,2,R1,13,255,2.8,1,1
44587,t1,Low,2,R1,13,256,3,1,1
44587,t1,Low,2,R1,13,257,3.2,1,1
44587,t1,Low,2,R1,13,258,1.5,0,0
44587,t1,Low,2,R1,13,259,4,1,1
44587,t1,Low,2,R1,13,260,4.1,1,1
44587,t1,Low,2,R2,14,261,3.6,1,1
44587,t1,Low,2,R2,14,262,4.5,0,0
44587,t1,Low,2,R2,14,263,5.1,0,0
44587,t1,Low,2,R2,14,264,2.6,0,0
44587,t1,Low,2,R2,14,265,4.7,1,1
44587,t1,Low,2,R2,14,266,6.7,0,0
44587,t1,Low,2,R2,14,267,6.5,0,0
44587,t1,Low,2,R2,14,268,4.4,1,1
44587,t1,Low,2,R2,14,269,5.2,1,1
44587,t1,Low,2,R2,14,270,4.1,1,1
44587,t1,Low,2,R2,14,271,3,0,0
44587,t1,Low,2,R2,14,272,4.1,0,0
44587,t1,Low,2,R2,14,273,5,1,1
44587,t1,Low,2,R2,14,274,4.4,1,1
44587,t1,Low,2,R2,14,275,1.5,0,0
44587,t1,Low,2,R2,14,276,4.5,0,0
44587,t1,Low,2,R2,14,277,4.3,0,0
44587,t1,Low,2,R2,14,278,5.2,0,0
44587,t1,Low,2,R2,14,279,4.8,1,1
44587,t1,Low,2,R2,14,280,3.8,1,1
44587,t1,Low,2,R3,15,281,6.9,1,1
44587,t1,Low,2,R3,15,282,6.4,1,1
44587,t1,Low,2,R3,15,283,2.1,0,0
44587,t1,Low,2,R3,15,284,2.8,1,1
44587,t1,Low,2,R3,15,285,5.9,1,1
44587,t1,Low,2,R3,15,286,2.2,1,1
44587,t1,Low,2,R3,15,287,5.9,0,0
44587,t1,Low,2,R3,15,288,6.4,1,1
44587,t1,Low,2,R3,15,289,4.5,0,0
44587,t1,Low,2,R3,15,290,5.3,1,1
44587,t1,Low,2,R3,15,291,5.6,0,0
44587,t1,Low,2,R3,15,292,1.7,0,0
44587,t1,Low,2,R3,15,293,3.2,1,1
44587,t1,Low,2,R3,15,294,1.4,0,0
44587,t1,Low,2,R3,15,295,4.1,1,1
44587,t1,Low,2,R3,15,296,6.1,0,0
44587,t1,Low,2,R3,15,297,3.1,1,1
44587,t1,Low,2,R3,15,298,5.5,0,0
44587,t1,Low,2,R3,15,299,3.5,1,1
44587,t1,Low,2,R3,15,300,3.3,0,0
44587,t1,Low,3,R1,16,301,3.5,0,0
44587,t1,Low,3,R1,16,302,2.7,0,0
44587,t1,Low,3,R1,16,303,5.4,0,0
44587,t1,Low,3,R1,16,304,2.9,1,1
44587,t1,Low,3,R1,16,305,5.1,1,1
44587,t1,Low,3,R1,16,306,2.9,0,0
44587,t1,Low,3,R1,16,307,5.8,1,1
44587,t1,Low,3,R1,16,308,4.9,1,1
44587,t1,Low,3,R1,16,309,4.5,0,0
44587,t1,Low,3,R1,16,310,3.5,0,0
44587,t1,Low,3,R1,16,311,3.9,1,1
44587,t1,Low,3,R1,16,312,2.2,0,0
44587,t1,Low,3,R1,16,313,2,0,0
44587,t1,Low,3,R1,16,314,5.2,1,1
44587,t1,Low,3,R1,16,315,4.4,1,1
44587,t1,Low,3,R1,16,316,5.5,0,0
44587,t1,Low,3,R1,16,317,1.8,0,0
44587,t1,Low,3,R1,16,318,4.5,1,1
44587,t1,Low,3,R1,16,319,3,0,0
44587,t1,Low,3,R1,16,320,4,1,1
44587,t1,Low,3,R2,17,321,4.1,0,0
44587,t1,Low,3,R2,17,322,2.8,0,0
44587,t1,Low,3,R2,17,323,4,0,0
44587,t1,Low,3,R2,17,324,4.1,0,0
44587,t1,Low,3,R2,17,325,2.7,0,0
44587,t1,Low,3,R2,17,326,5.5,0,0
44587,t1,Low,3,R2,17,327,3.2,1,1
44587,t1,Low,3,R2,17,328,7.8,0,0
44587,t1,Low,3,R2,17,329,1.3,0,0
44587,t1,Low,3,R2,17,330,5,0,0
44587,t1,Low,3,R2,17,331,5.8,1,1
44587,t1,Low,3,R2,17,332,3.4,1,1
44587,t1,Low,3,R2,17,333,3,0,0
44587,t1,Low,3,R2,17,334,1.4,0,0
44587,t1,Low,3,R2,17,335,5.2,1,1
44587,t1,Low,3,R2,17,336,3.6,0,0
44587,t1,Low,3,R2,17,337,1.3,1,1
44587,t1,Low,3,R2,17,338,3.4,0,0
44587,t1,Low,3,R2,17,339,6.7,0,0
44587,t1,Low,3,R2,17,340,3.9,0,0
44587,t1,Low,3,R3,18,341,2.9,1,1
44587,t1,Low,3,R3,18,342,2.7,0,0
44587,t1,Low,3,R3,18,343,4,1,1
44587,t1,Low,3,R3,18,344,3.7,0,0
44587,t1,Low,3,R3,18,345,4.4,2,1
44587,t1,Low,3,R3,18,346,5.8,1,1
44587,t1,Low,3,R3,18,347,1.1,0,0
44587,t1,Low,3,R3,18,348,7.4,1,1
44587,t1,Low,3,R3,18,349,1.7,0,0
44587,t1,Low,3,R3,18,350,7.2,1,1
44587,t1,Low,3,R3,18,351,5.1,1,1
44587,t1,Low,3,R3,18,352,4.3,0,0
44587,t1,Low,3,R3,18,353,6.5,1,1
44587,t1,Low,3,R3,18,354,3.3,0,0
44587,t1,Low,3,R3,18,355,2.9,0,0
44587,t1,Low,3,R3,18,356,4.7,0,0
44587,t1,Low,3,R3,18,357,4.1,0,0
44587,t1,Low,3,R3,18,358,5.2,0,0
44587,t1,Low,3,R3,18,359,3.3,0,0
44587,t1,Low,3,R3,18,360,4.9,0,0
44587,t1,High,1,R1,19,361,4.4,0,0
44587,t1,High,1,R1,19,362,4.6,1,1
44587,t1,High,1,R1,19,363,4.1,1,1
44587,t1,High,1,R1,19,364,6.4,1,1
44587,t1,High,1,R1,19,365,4.8,1,1
44587,t1,High,1,R1,19,366,1.3,0,0
44587,t1,High,1,R1,19,367,3,0,0
44587,t1,High,1,R1,19,368,5.2,0,0
44587,t1,High,1,R1,19,369,2,0,0
44587,t1,High,1,R1,19,370,6.5,1,1
44587,t1,High,1,R1,19,371,5.5,0,0
44587,t1,High,1,R1,19,372,3.2,1,1
44587,t1,High,1,R1,19,373,2.5,1,1
44587,t1,High,1,R1,19,374,1.1,1,1
44587,t1,High,1,R1,19,375,3.8,1,1
44587,t1,High,1,R1,19,376,2.1,2.5,1
44587,t1,High,1,R1,19,377,5.4,1,1
44587,t1,High,1,R1,19,378,4.8,0,0
44587,t1,High,1,R1,19,379,7,0,0
44587,t1,High,1,R1,19,380,2.7,0,0
44587,t1,High,1,R2,20,381,4.1,0,0
44587,t1,High,1,R2,20,382,4.5,1,1
44587,t1,High,1,R2,20,383,2.9,0,0
44587,t1,High,1,R2,20,384,4.6,0,0
44587,t1,High,1,R2,20,385,4.1,1,1
44587,t1,High,1,R2,20,386,5,1,1
44587,t1,High,1,R2,20,387,2.8,1,1
44587,t1,High,1,R2,20,388,1.4,0,0
44587,t1,High,1,R2,20,389,2.9,0,0
44587,t1,High,1,R2,20,390,2.1,0,0
44587,t1,High,1,R2,20,391,3,0,0
44587,t1,High,1,R2,20,392,2.4,0,0
44587,t1,High,1,R2,20,393,2.6,0,0
44587,t1,High,1,R2,20,394,3.3,1,1
44587,t1,High,1,R2,20,395,4.2,1,1
44587,t1,High,1,R2,20,396,4.3,0,0
44587,t1,High,1,R2,20,397,1.6,0,0
44587,t1,High,1,R2,20,398,1.7,0,0
44587,t1,High,1,R2,20,399,3.7,0,0
44587,t1,High,1,R2,20,400,3.3,0,0
44587,t1,High,1,R3,21,401,4.8,1,1
44587,t1,High,1,R3,21,402,5.4,0,0
44587,t1,High,1,R3,21,403,4.6,1,1
44587,t1,High,1,R3,21,404,5.3,0,0
44587,t1,High,1,R3,21,405,5.5,0,0
44587,t1,High,1,R3,21,406,4.7,0,0
44587,t1,High,1,R3,21,407,2.9,1,1
44587,t1,High,1,R3,21,408,4.5,0,0
44587,t1,High,1,R3,21,409,4.5,0,0
44587,t1,High,1,R3,21,410,2.3,1,1
44587,t1,High,1,R3,21,411,4,1,1
44587,t1,High,1,R3,21,412,4.3,1,1
44587,t1,High,1,R3,21,413,5.1,1,1
44587,t1,High,1,R3,21,414,4.3,0,0
44587,t1,High,1,R3,21,415,2.9,0,0
44587,t1,High,1,R3,21,416,3.7,1,1
44587,t1,High,1,R3,21,417,5.1,1,1
44587,t1,High,1,R3,21,418,8.9,0,0
44587,t1,High,1,R3,21,419,6.3,1,1
44587,t1,High,1,R3,21,420,4.2,1,1
44587,t1,High,2,R1,22,421,4.3,0,0
44587,t1,High,2,R1,22,422,3,0,0
44587,t1,High,2,R1,22,423,3.2,0,0
44587,t1,High,2,R1,22,424,2.7,1,1
44587,t1,High,2,R1,22,425,4,0,0
44587,t1,High,2,R1,22,426,6.8,0,0
44587,t1,High,2,R1,22,427,6.3,1,1
44587,t1,High,2,R1,22,428,4,1,1
44587,t1,High,2,R1,22,429,2.4,0,0
44587,t1,High,2,R1,22,430,3,0,0
44587,t1,High,2,R1,22,431,3.6,1,1
44587,t1,High,2,R1,22,432,8.8,0,0
44587,t1,High,2,R1,22,433,3.4,0,0
44587,t1,High,2,R1,22,434,3.2,0,0
44587,t1,High,2,R1,22,435,5.1,0,0
44587,t1,High,2,R1,22,436,3.9,1,1
44587,t1,High,2,R1,22,437,5.8,0,0
44587,t1,High,2,R1,22,438,4.4,0,0
44587,t1,High,2,R1,22,439,2.6,0,0
44587,t1,High,2,R1,22,440,1.2,0,0
44587,t1,High,2,R2,23,441,5.6,1,1
44587,t1,High,2,R2,23,442,5.8,1,1
44587,t1,High,2,R2,23,443,5.8,0,0
44587,t1,High,2,R2,23,444,3,0,0
44587,t1,High,2,R2,23,445,3.1,1,1
44587,t1,High,2,R2,23,446,4.1,1,1
44587,t1,High,2,R2,23,447,5.3,1,1
44587,t1,High,2,R2,23,448,4,0,0
44587,t1,High,2,R2,23,449,1.3,0,0
44587,t1,High,2,R2,23,450,4.3,0,0
44587,t1,High,2,R2,23,451,2,0,0
44587,t1,High,2,R2,23,452,5.6,1,1
44587,t1,High,2,R2,23,453,5.6,1,1
44587,t1,High,2,R2,23,454,4.3,1,1
44587,t1,High,2,R2,23,455,4.1,0,0
44587,t1,High,2,R2,23,456,6.3,0,0
44587,t1,High,2,R2,23,457,4.8,1,1
44587,t1,High,2,R2,23,458,3.2,1,1
44587,t1,High,2,R2,23,459,3.4,0,0
44587,t1,High,2,R2,23,460,6.6,0,0
44587,t1,High,2,R3,24,461,3.4,0,0
44587,t1,High,2,R3,24,462,5.9,0,0
44587,t1,High,2,R3,24,463,4.9,1,1
44587,t1,High,2,R3,24,464,3.2,0,0
44587,t1,High,2,R3,24,465,3.7,2,1
44587,t1,High,2,R3,24,466,3.5,1,1
44587,t1,High,2,R3,24,467,5.7,0,0
44587,t1,High,2,R3,24,468,3,0,0
44587,t1,High,2,R3,24,469,4.3,0,0
44587,t1,High,2,R3,24,470,5.2,1,1
44587,t1,High,2,R3,24,471,6,0,0
44587,t1,High,2,R3,24,472,3.6,0,0
44587,t1,High,2,R3,24,473,4.7,0,0
44587,t1,High,2,R3,24,474,3.5,0,0
44587,t1,High,2,R3,24,475,1.6,0,0
44587,t1,High,2,R3,24,476,3.9,1,1
44587,t1,High,2,R3,24,477,3.6,1,1
44587,t1,High,2,R3,24,478,5.7,1,1
44587,t1,High,2,R3,24,479,3.7,0,0
44587,t1,High,2,R3,24,480,3.7,1,1
44587,t1,High,3,R1,25,481,2.6,1,1
44587,t1,High,3,R1,25,482,4.3,0,0
44587,t1,High,3,R1,25,483,5,0,0
44587,t1,High,3,R1,25,484,3.4,0,0
44587,t1,High,3,R1,25,485,3.4,1,1
44587,t1,High,3,R1,25,486,5.9,1,1
44587,t1,High,3,R1,25,487,4.8,0,0
44587,t1,High,3,R1,25,488,5.3,0,0
44587,t1,High,3,R1,25,489,4.5,0,0
44587,t1,High,3,R1,25,490,5.7,1,1
44587,t1,High,3,R1,25,491,6.3,1,1
44587,t1,High,3,R1,25,492,5.2,0,0
44587,t1,High,3,R1,25,493,5.1,0,0
44587,t1,High,3,R1,25,494,2.9,1,1
44587,t1,High,3,R1,25,495,2.4,0,0
44587,t1,High,3,R1,25,496,5.8,1,1
44587,t1,High,3,R1,25,497,3.9,0,0
44587,t1,High,3,R1,25,498,3.3,0,0
44587,t1,High,3,R1,25,499,3.7,1,1
44587,t1,High,3,R1,25,500,1.5,1,1
44587,t1,High,3,R2,26,501,4,0,0
44587,t1,High,3,R2,26,502,2.6,0,0
44587,t1,High,3,R2,26,503,3.2,1,1
44587,t1,High,3,R2,26,504,4.5,0,0
44587,t1,High,3,R2,26,505,8,1,1
44587,t1,High,3,R2,26,506,4.1,0,0
44587,t1,High,3,R2,26,507,3,0,0
44587,t1,High,3,R2,26,508,4.5,1,1
44587,t1,High,3,R2,26,509,6.1,1,1
44587,t1,High,3,R2,26,510,5.2,1,1
44587,t1,High,3,R2,26,511,2.8,1,1
44587,t1,High,3,R2,26,512,4.3,0,0
44587,t1,High,3,R2,26,513,6.3,0,0
44587,t1,High,3,R2,26,514,1.3,0,0
44587,t1,High,3,R2,26,515,4.9,0,0
44587,t1,High,3,R2,26,516,5.2,1,1
44587,t1,High,3,R2,26,517,4.9,1,1
44587,t1,High,3,R2,26,518,8.8,0,0
44587,t1,High,3,R2,26,519,5.4,1,1
44587,t1,High,3,R2,26,520,3.7,1,1
44587,t1,High,3,R3,27,521,6.6,0,0
44587,t1,High,3,R3,27,522,1.5,1,1
44587,t1,High,3,R3,27,523,5.3,1,1
44587,t1,High,3,R3,27,524,4.7,0,0
44587,t1,High,3,R3,27,525,3.1,0,0
44587,t1,High,3,R3,27,526,7.6,0,0
44587,t1,High,3,R3,27,527,3.7,0,0
44587,t1,High,3,R3,27,528,5,0,0
44587,t1,High,3,R3,27,529,1.1,0,0
44587,t1,High,3,R3,27,530,4.6,1,1
44587,t1,High,3,R3,27,531,5.1,0,0
44587,t1,High,3,R3,27,532,2.2,0,0
44587,t1,High,3,R3,27,533,2.3,1,1
44587,t1,High,3,R3,27,534,6,0,0
44587,t1,High,3,R3,27,535,5.5,0,0
44587,t1,High,3,R3,27,536,3.5,1,1
44587,t1,High,3,R3,27,537,5.9,1,1
44587,t1,High,3,R3,27,538,2.5,0,0
44587,t1,High,3,R3,27,539,5.6,0,0
44587,t1,High,3,R3,27,540,2.3,0,0
44601,t2,Ambient,1,R1,1,541,4.1,0,0
44601,t2,Ambient,1,R1,1,542,7.4,0,0
44601,t2,Ambient,1,R1,1,543,5.9,0,0
44601,t2,Ambient,1,R1,1,544,3.6,0,0
44601,t2,Ambient,1,R1,1,545,5.1,0,0
44601,t2,Ambient,1,R1,1,546,4.2,0,0
44601,t2,Ambient,1,R1,1,547,2.9,0,0
44601,t2,Ambient,1,R1,1,548,5.6,0,0
44601,t2,Ambient,1,R1,1,549,7.3,0,0
44601,t2,Ambient,1,R1,1,550,9.2,0,0
44601,t2,Ambient,1,R1,1,551,5.6,0,0
44601,t2,Ambient,1,R1,1,552,3.9,0,0
44601,t2,Ambient,1,R1,1,553,3.3,0,0
44601,t2,Ambient,1,R1,1,554,4.1,1,1
44601,t2,Ambient,1,R1,1,555,5,0,0
44601,t2,Ambient,1,R1,1,556,6.9,0,0
44601,t2,Ambient,1,R1,1,557,4.2,1,1
44601,t2,Ambient,1,R1,1,558,4.1,0,0
44601,t2,Ambient,1,R1,1,559,2,0,0
44601,t2,Ambient,1,R1,1,560,7.9,0,0
44601,t2,Ambient,1,R2,2,561,8.5,0,0
44601,t2,Ambient,1,R2,2,562,6.4,0,0
44601,t2,Ambient,1,R2,2,563,7.2,0,0
44601,t2,Ambient,1,R2,2,564,6.3,0,0
44601,t2,Ambient,1,R2,2,565,8,1,1
44601,t2,Ambient,1,R2,2,566,8.1,0,0
44601,t2,Ambient,1,R2,2,567,6.8,0,0
44601,t2,Ambient,1,R2,2,568,5.6,1,1
44601,t2,Ambient,1,R2,2,569,3.6,1,1
44601,t2,Ambient,1,R2,2,570,4.7,0,0
44601,t2,Ambient,1,R2,2,571,4.7,0,0
44601,t2,Ambient,1,R2,2,572,4.8,0,0
44601,t2,Ambient,1,R2,2,573,6.3,0,0
44601,t2,Ambient,1,R2,2,574,5.3,1,1
44601,t2,Ambient,1,R2,2,575,6.4,1,1
44601,t2,Ambient,1,R2,2,576,4.2,0,0
44601,t2,Ambient,1,R2,2,577,7,0,0
44601,t2,Ambient,1,R2,2,578,7.2,1,1
44601,t2,Ambient,1,R2,2,579,4.4,1,1
44601,t2,Ambient,1,R2,2,580,9.3,1,1
44601,t2,Ambient,1,R3,3,581,4.9,0,0
44601,t2,Ambient,1,R3,3,582,4.6,0,0
44601,t2,Ambient,1,R3,3,583,6.1,1,1
44601,t2,Ambient,1,R3,3,584,3.9,0,0
44601,t2,Ambient,1,R3,3,585,4.1,0,0
44601,t2,Ambient,1,R3,3,586,6.7,0,0
44601,t2,Ambient,1,R3,3,587,4.9,0,0
44601,t2,Ambient,1,R3,3,588,5.1,0,0
44601,t2,Ambient,1,R3,3,589,6.1,1,1
44601,t2,Ambient,1,R3,3,590,7.4,0,0
44601,t2,Ambient,1,R3,3,591,2.2,1,1
44601,t2,Ambient,1,R3,3,592,2.5,1,1
44601,t2,Ambient,1,R3,3,593,6.3,0,0
44601,t2,Ambient,1,R3,3,594,6.2,0,0
44601,t2,Ambient,1,R3,3,595,6.6,1,1
44601,t2,Ambient,1,R3,3,596,5,0,0
44601,t2,Ambient,1,R3,3,597,1.1,0,0
44601,t2,Ambient,1,R3,3,598,3.1,0,0
44601,t2,Ambient,1,R3,3,599,3.9,0,0
44601,t2,Ambient,1,R3,3,600,1.9,0,0
44601,t2,Ambient,2,R1,4,601,7.4,0,0
44601,t2,Ambient,2,R1,4,602,5.6,0,0
44601,t2,Ambient,2,R1,4,603,6.7,0,0
44601,t2,Ambient,2,R1,4,604,4.3,0,0
44601,t2,Ambient,2,R1,4,605,5.9,0,0
44601,t2,Ambient,2,R1,4,606,5.4,0,0
44601,t2,Ambient,2,R1,4,607,6.1,0,0
44601,t2,Ambient,2,R1,4,608,3.9,1,1
44601,t2,Ambient,2,R1,4,609,4.3,0,0
44601,t2,Ambient,2,R1,4,610,4.8,0,0
44601,t2,Ambient,2,R1,4,611,9.3,0,0
44601,t2,Ambient,2,R1,4,612,6.9,0,0
44601,t2,Ambient,2,R1,4,613,3.5,0,0
44601,t2,Ambient,2,R1,4,614,5.1,0,0
44601,t2,Ambient,2,R1,4,615,4.5,1,1
44601,t2,Ambient,2,R1,4,616,6.2,1,1
44601,t2,Ambient,2,R1,4,617,3.9,0,0
44601,t2,Ambient,2,R1,4,618,7.8,0,0
44601,t2,Ambient,2,R1,4,619,8.8,0,0
44601,t2,Ambient,2,R1,4,620,6.5,0,0
44601,t2,Ambient,2,R2,5,621,7.7,0,0
44601,t2,Ambient,2,R2,5,622,4.9,0,0
44601,t2,Ambient,2,R2,5,623,5.4,1,1
44601,t2,Ambient,2,R2,5,624,4.6,0,0
44601,t2,Ambient,2,R2,5,625,2.4,1,1
44601,t2,Ambient,2,R2,5,626,4.2,0,0
44601,t2,Ambient,2,R2,5,627,6.7,1,1
44601,t2,Ambient,2,R2,5,628,5.7,0,0
44601,t2,Ambient,2,R2,5,629,2.5,0,0
44601,t2,Ambient,2,R2,5,630,5.3,1,1
44601,t2,Ambient,2,R2,5,631,5,0,0
44601,t2,Ambient,2,R2,5,632,6.5,1,1
44601,t2,Ambient,2,R2,5,633,3.5,0,0
44601,t2,Ambient,2,R2,5,634,5.2,1,1
44601,t2,Ambient,2,R2,5,635,5.3,0,0
44601,t2,Ambient,2,R2,5,636,6.9,0,0
44601,t2,Ambient,2,R2,5,637,4.9,0,0
44601,t2,Ambient,2,R2,5,638,3.7,1,1
44601,t2,Ambient,2,R2,5,639,5.4,0,0
44601,t2,Ambient,2,R2,5,640,4.5,0,0
44601,t2,Ambient,2,R3,6,641,5.7,1,1
44601,t2,Ambient,2,R3,6,642,7.2,0,0
44601,t2,Ambient,2,R3,6,643,6.2,0,0
44601,t2,Ambient,2,R3,6,644,2.1,0,0
44601,t2,Ambient,2,R3,6,645,5.4,0,0
44601,t2,Ambient,2,R3,6,646,4.6,1,1
44601,t2,Ambient,2,R3,6,647,2.5,2,1
44601,t2,Ambient,2,R3,6,648,3.1,0,0
44601,t2,Ambient,2,R3,6,649,8,1,1
44601,t2,Ambient,2,R3,6,650,5.4,0,0
44601,t2,Ambient,2,R3,6,651,6.3,0,0
44601,t2,Ambient,2,R3,6,652,4.6,1,1
44601,t2,Ambient,2,R3,6,653,4.5,1,1
44601,t2,Ambient,2,R3,6,654,4,0,0
44601,t2,Ambient,2,R3,6,655,5.9,0,0
44601,t2,Ambient,2,R3,6,656,4.3,0,0
44601,t2,Ambient,2,R3,6,657,3.6,0,0
44601,t2,Ambient,2,R3,6,658,4.6,1,1
44601,t2,Ambient,2,R3,6,659,1.5,0,0
44601,t2,Ambient,2,R3,6,660,4.4,0,0
44601,t2,Ambient,3,R1,7,661,6.3,0,0
44601,t2,Ambient,3,R1,7,662,2.3,0,0
44601,t2,Ambient,3,R1,7,663,6.1,0,0
44601,t2,Ambient,3,R1,7,664,7.5,0,0
44601,t2,Ambient,3,R1,7,665,2.7,0,0
44601,t2,Ambient,3,R1,7,666,4.6,1,1
44601,t2,Ambient,3,R1,7,667,9.5,0,0
44601,t2,Ambient,3,R1,7,668,4.2,1,1
44601,t2,Ambient,3,R1,7,669,2.6,0,0
44601,t2,Ambient,3,R1,7,670,3.3,0,0
44601,t2,Ambient,3,R1,7,671,4.4,0,0
44601,t2,Ambient,3,R1,7,672,3.7,1,1
44601,t2,Ambient,3,R1,7,673,10.6,0,0
44601,t2,Ambient,3,R1,7,674,7.6,0,0
44601,t2,Ambient,3,R1,7,675,8.1,0,0
44601,t2,Ambient,3,R1,7,676,2.3,1,1
44601,t2,Ambient,3,R1,7,677,1.6,1,1
44601,t2,Ambient,3,R1,7,678,4.8,1,1
44601,t2,Ambient,3,R1,7,679,3.6,1,1
44601,t2,Ambient,3,R1,7,680,8.7,0,0
44601,t2,Ambient,3,R2,8,681,3.1,0,0
44601,t2,Ambient,3,R2,8,682,4.5,1,1
44601,t2,Ambient,3,R2,8,683,5.2,0,0
44601,t2,Ambient,3,R2,8,684,5.5,0,0
44601,t2,Ambient,3,R2,8,685,4.6,0,0
44601,t2,Ambient,3,R2,8,686,6.3,0,0
44601,t2,Ambient,3,R2,8,687,6.4,1,1
44601,t2,Ambient,3,R2,8,688,4.9,0,0
44601,t2,Ambient,3,R2,8,689,6.3,0,0
44601,t2,Ambient,3,R2,8,690,4.2,0,0
44601,t2,Ambient,3,R2,8,691,1.6,0,0
44601,t2,Ambient,3,R2,8,692,2.6,0,0
44601,t2,Ambient,3,R2,8,693,7.7,0,0
44601,t2,Ambient,3,R2,8,694,5.1,1,1
44601,t2,Ambient,3,R2,8,695,5.3,1,1
44601,t2,Ambient,3,R2,8,696,4,0,0
44601,t2,Ambient,3,R2,8,697,3.5,0,0
44601,t2,Ambient,3,R2,8,698,5.1,0,0
44601,t2,Ambient,3,R2,8,699,4.9,0,0
44601,t2,Ambient,3,R2,8,700,3.1,0,0
44601,t2,Ambient,3,R3,9,701,7.5,1,1
44601,t2,Ambient,3,R3,9,702,4,0,0
44601,t2,Ambient,3,R3,9,703,4.7,1,1
44601,t2,Ambient,3,R3,9,704,6.5,0,0
44601,t2,Ambient,3,R3,9,705,7.3,0,0
44601,t2,Ambient,3,R3,9,706,8.1,0,0
44601,t2,Ambient,3,R3,9,707,9.1,0,0
44601,t2,Ambient,3,R3,9,708,4.2,0,0
44601,t2,Ambient,3,R3,9,709,4.2,1,1
44601,t2,Ambient,3,R3,9,710,7.6,0,0
44601,t2,Ambient,3,R3,9,711,2.4,0,0
44601,t2,Ambient,3,R3,9,712,8.5,0,0
44601,t2,Ambient,3,R3,9,713,4.2,0,0
44601,t2,Ambient,3,R3,9,714,4.4,1,1
44601,t2,Ambient,3,R3,9,715,8.1,1,1
44601,t2,Ambient,3,R3,9,716,7.8,0,0
44601,t2,Ambient,3,R3,9,717,5.2,0,0
44601,t2,Ambient,3,R3,9,718,3.6,0,0
44601,t2,Ambient,3,R3,9,719,3.3,0,0
44601,t2,Ambient,3,R3,9,720,5.7,0,0
44601,t2,Low,1,R1,10,721,5.2,0,0
44601,t2,Low,1,R1,10,722,4.7,0,0
44601,t2,Low,1,R1,10,723,3.6,0,0
44601,t2,Low,1,R1,10,724,3.8,0,0
44601,t2,Low,1,R1,10,725,4.6,0,0
44601,t2,Low,1,R1,10,726,5.6,0,0
44601,t2,Low,1,R1,10,727,6.7,0,0
44601,t2,Low,1,R1,10,728,10,0,0
44601,t2,Low,1,R1,10,729,6.3,0,0
44601,t2,Low,1,R1,10,730,2.2,0,0
44601,t2,Low,1,R1,10,731,8.5,1,1
44601,t2,Low,1,R1,10,732,10.1,0,0
44601,t2,Low,1,R1,10,733,5,0,0
44601,t2,Low,1,R1,10,734,4.5,0,0
44601,t2,Low,1,R1,10,735,1.8,0,0
44601,t2,Low,1,R1,10,736,6.6,0,0
44601,t2,Low,1,R1,10,737,4.1,1,1
44601,t2,Low,1,R1,10,738,5.3,0,0
44601,t2,Low,1,R1,10,739,2.1,0,0
44601,t2,Low,1,R1,10,740,1.9,0,0
44601,t2,Low,1,R2,11,741,3.1,1,1
44601,t2,Low,1,R2,11,742,6.9,0,0
44601,t2,Low,1,R2,11,743,4.2,0,0
44601,t2,Low,1,R2,11,744,2.6,0,0
44601,t2,Low,1,R2,11,745,3.9,0,0
44601,t2,Low,1,R2,11,746,2.5,0,0
44601,t2,Low,1,R2,11,747,5.7,0,0
44601,t2,Low,1,R2,11,748,7.3,0,0
44601,t2,Low,1,R2,11,749,5.1,0,0
44601,t2,Low,1,R2,11,750,4.1,0,0
44601,t2,Low,1,R2,11,751,4.2,1,1
44601,t2,Low,1,R2,11,752,4.4,0,0
44601,t2,Low,1,R2,11,753,4.4,0,0
44601,t2,Low,1,R2,11,754,3.9,1,1
44601,t2,Low,1,R2,11,755,4.3,0,0
44601,t2,Low,1,R2,11,756,3.9,0,0
44601,t2,Low,1,R2,11,757,1.5,0,0
44601,t2,Low,1,R2,11,758,4.8,0,0
44601,t2,Low,1,R2,11,759,5.6,0,0
44601,t2,Low,1,R2,11,760,2.5,0,0
44601,t2,Low,1,R3,12,761,4.2,0,0
44601,t2,Low,1,R3,12,762,7.9,0,0
44601,t2,Low,1,R3,12,763,3.3,1,1
44601,t2,Low,1,R3,12,764,3.8,0,0
44601,t2,Low,1,R3,12,765,4.2,0,0
44601,t2,Low,1,R3,12,766,5.6,1,1
44601,t2,Low,1,R3,12,767,5.1,0,0
44601,t2,Low,1,R3,12,768,3.7,0,0
44601,t2,Low,1,R3,12,769,3.5,0,0
44601,t2,Low,1,R3,12,770,6.7,0,0
44601,t2,Low,1,R3,12,771,6.2,1,1
44601,t2,Low,1,R3,12,772,5.4,0,0
44601,t2,Low,1,R3,12,773,4.3,0,0
44601,t2,Low,1,R3,12,774,6.1,0,0
44601,t2,Low,1,R3,12,775,4.9,0,0
44601,t2,Low,1,R3,12,776,4.5,0,0
44601,t2,Low,1,R3,12,777,4.1,1,1
44601,t2,Low,1,R3,12,778,4.7,1,1
44601,t2,Low,1,R3,12,779,4.3,0,0
44601,t2,Low,1,R3,12,780,6.2,0,0
44601,t2,Low,2,R1,13,781,3.5,0,0
44601,t2,Low,2,R1,13,782,8,1,1
44601,t2,Low,2,R1,13,783,5.9,0,0
44601,t2,Low,2,R1,13,784,7.6,1,1
44601,t2,Low,2,R1,13,785,5.3,0,0
44601,t2,Low,2,R1,13,786,4.1,0,0
44601,t2,Low,2,R1,13,787,4.9,0,0
44601,t2,Low,2,R1,13,788,3,1,1
44601,t2,Low,2,R1,13,789,5.5,0,0
44601,t2,Low,2,R1,13,790,4.1,0,0
44601,t2,Low,2,R1,13,791,5.3,0,0
44601,t2,Low,2,R1,13,792,6.6,0,0
44601,t2,Low,2,R1,13,793,2.6,0,0
44601,t2,Low,2,R1,13,794,7.3,1,1
44601,t2,Low,2,R1,13,795,3.5,0,0
44601,t2,Low,2,R1,13,796,5.2,0,0
44601,t2,Low,2,R1,13,797,4.5,0,0
44601,t2,Low,2,R1,13,798,8.7,1,1
44601,t2,Low,2,R1,13,799,6.8,0,0
44601,t2,Low,2,R1,13,800,3.3,1,1
44601,t2,Low,2,R2,14,801,5.4,0,0
44601,t2,Low,2,R2,14,802,4.6,0,0
44601,t2,Low,2,R2,14,803,3.9,0,0
44601,t2,Low,2,R2,14,804,5.3,1,1
44601,t2,Low,2,R2,14,805,5.4,0,0
44601,t2,Low,2,R2,14,806,3.8,0,0
44601,t2,Low,2,R2,14,807,5.2,1,1
44601,t2,Low,2,R2,14,808,4.9,0,0
44601,t2,Low,2,R2,14,809,5,0,0
44601,t2,Low,2,R2,14,810,3.6,0,0
44601,t2,Low,2,R2,14,811,6.2,1,1
44601,t2,Low,2,R2,14,812,7.3,0,0
44601,t2,Low,2,R2,14,813,5,0,0
44601,t2,Low,2,R2,14,814,6.4,1,1
44601,t2,Low,2,R2,14,815,5.6,0,0
44601,t2,Low,2,R2,14,816,7.4,1,1
44601,t2,Low,2,R2,14,817,6.3,1,1
44601,t2,Low,2,R2,14,818,3.8,0,0
44601,t2,Low,2,R2,14,819,5.8,0,0
44601,t2,Low,2,R2,14,820,8.5,0,0
44601,t2,Low,2,R3,15,821,7.1,0,0
44601,t2,Low,2,R3,15,822,6.2,0,0
44601,t2,Low,2,R3,15,823,7.6,0,0
44601,t2,Low,2,R3,15,824,8.6,0,0
44601,t2,Low,2,R3,15,825,7.9,1,1
44601,t2,Low,2,R3,15,826,6.2,0,0
44601,t2,Low,2,R3,15,827,6.9,0,0
44601,t2,Low,2,R3,15,828,2.9,0,0
44601,t2,Low,2,R3,15,829,8.9,0,0
44601,t2,Low,2,R3,15,830,6.4,0,0
44601,t2,Low,2,R3,15,831,5,0,0
44601,t2,Low,2,R3,15,832,4.5,0,0
44601,t2,Low,2,R3,15,833,7.6,0,0
44601,t2,Low,2,R3,15,834,5.9,0,0
44601,t2,Low,2,R3,15,835,2.9,1,1
44601,t2,Low,2,R3,15,836,4.6,1,1
44601,t2,Low,2,R3,15,837,4.9,0,0
44601,t2,Low,2,R3,15,838,7,0,0
44601,t2,Low,2,R3,15,839,3.8,0,0
44601,t2,Low,2,R3,15,840,1.7,0,0
44601,t2,Low,3,R1,16,841,4,0,0
44601,t2,Low,3,R1,16,842,4.9,0,0
44601,t2,Low,3,R1,16,843,5.8,1,1
44601,t2,Low,3,R1,16,844,10.3,0,0
44601,t2,Low,3,R1,16,845,5.4,1,1
44601,t2,Low,3,R1,16,846,6.1,1,1
44601,t2,Low,3,R1,16,847,3.2,0,0
44601,t2,Low,3,R1,16,848,2.9,0,0
44601,t2,Low,3,R1,16,849,7.5,0,0
44601,t2,Low,3,R1,16,850,9.5,0,0
44601,t2,Low,3,R1,16,851,5.8,1,1
44601,t2,Low,3,R1,16,852,4,0,0
44601,t2,Low,3,R1,16,853,7.4,0,0
44601,t2,Low,3,R1,16,854,3.4,0,0
44601,t2,Low,3,R1,16,855,5.3,1,1
44601,t2,Low,3,R1,16,856,6.7,0,0
44601,t2,Low,3,R1,16,857,5.8,1,1
44601,t2,Low,3,R1,16,858,2.7,1,1
44601,t2,Low,3,R1,16,859,4.4,0,0
44601,t2,Low,3,R1,16,860,4,0,0
44601,t2,Low,3,R2,17,861,7.7,1,1
44601,t2,Low,3,R2,17,862,8.5,0,0
44601,t2,Low,3,R2,17,863,6.6,0,0
44601,t2,Low,3,R2,17,864,6.4,0,0
44601,t2,Low,3,R2,17,865,1.3,0,0
44601,t2,Low,3,R2,17,866,4.5,1,1
44601,t2,Low,3,R2,17,867,6.2,1,1
44601,t2,Low,3,R2,17,868,4.9,0,0
44601,t2,Low,3,R2,17,869,2.7,0,0
44601,t2,Low,3,R2,17,870,6.4,0,0
44601,t2,Low,3,R2,17,871,5.5,0,0
44601,t2,Low,3,R2,17,872,6.6,0,0
44601,t2,Low,3,R2,17,873,8.3,0,0
44601,t2,Low,3,R2,17,874,5,1,1
44601,t2,Low,3,R2,17,875,3.8,0,0
44601,t2,Low,3,R2,17,876,3.8,1,1
44601,t2,Low,3,R2,17,877,4.3,0,0
44601,t2,Low,3,R2,17,878,3.8,0,0
44601,t2,Low,3,R2,17,879,7,0,0
44601,t2,Low,3,R2,17,880,4,0,0
44601,t2,Low,3,R3,18,881,4.3,0,0
44601,t2,Low,3,R3,18,882,6,1,1
44601,t2,Low,3,R3,18,883,4.2,0,0
44601,t2,Low,3,R3,18,884,6.6,0,0
44601,t2,Low,3,R3,18,885,3.5,1,1
44601,t2,Low,3,R3,18,886,6.3,0,0
44601,t2,Low,3,R3,18,887,8,0,0
44601,t2,Low,3,R3,18,888,3.7,0,0
44601,t2,Low,3,R3,18,889,3,0,0
44601,t2,Low,3,R3,18,890,8.5,0,0
44601,t2,Low,3,R3,18,891,5.1,0,0
44601,t2,Low,3,R3,18,892,7.2,0,0
44601,t2,Low,3,R3,18,893,3.3,0,0
44601,t2,Low,3,R3,18,894,4.7,0,0
44601,t2,Low,3,R3,18,895,8.7,0,0
44601,t2,Low,3,R3,18,896,5.1,1,1
44601,t2,Low,3,R3,18,897,5.1,2,1
44601,t2,Low,3,R3,18,898,3.5,1,1
44601,t2,Low,3,R3,18,899,2.8,0,0
44601,t2,Low,3,R3,18,900,4.6,0,0
44601,t2,High,1,R1,19,901,7.7,1,1
44601,t2,High,1,R1,19,902,7.1,0,0
44601,t2,High,1,R1,19,903,4,0,0
44601,t2,High,1,R1,19,904,3.1,1,1
44601,t2,High,1,R1,19,905,6.9,0,0
44601,t2,High,1,R1,19,906,7.2,1,1
44601,t2,High,1,R1,19,907,7.2,0,0
44601,t2,High,1,R1,19,908,5.2,0,0
44601,t2,High,1,R1,19,909,8.7,0,0
44601,t2,High,1,R1,19,910,6,0,0
44601,t2,High,1,R1,19,911,5.4,1,1
44601,t2,High,1,R1,19,912,1.6,0,0
44601,t2,High,1,R1,19,913,2.2,1,1
44601,t2,High,1,R1,19,914,5.7,0,0
44601,t2,High,1,R1,19,915,8.3,0,0
44601,t2,High,1,R1,19,916,7.4,0,0
44601,t2,High,1,R1,19,917,3.7,1,1
44601,t2,High,1,R1,19,918,3.6,0,0
44601,t2,High,1,R1,19,919,3.8,0,0
44601,t2,High,1,R1,19,920,6.6,0,0
44601,t2,High,1,R2,20,921,6.9,1,1
44601,t2,High,1,R2,20,922,5.5,1,1
44601,t2,High,1,R2,20,923,3.9,1,1
44601,t2,High,1,R2,20,924,2.6,0,0
44601,t2,High,1,R2,20,925,4.7,0,0
44601,t2,High,1,R2,20,926,6.3,0,0
44601,t2,High,1,R2,20,927,6.6,0,0
44601,t2,High,1,R2,20,928,3.2,1,1
44601,t2,High,1,R2,20,929,5.7,0,0
44601,t2,High,1,R2,20,930,1.6,0,0
44601,t2,High,1,R2,20,931,2.8,0,0
44601,t2,High,1,R2,20,932,6.1,0,0
44601,t2,High,1,R2,20,933,3.1,0,0
44601,t2,High,1,R2,20,934,5.4,0,0
44601,t2,High,1,R2,20,935,7.3,0,0
44601,t2,High,1,R2,20,936,5.1,0,0
44601,t2,High,1,R2,20,937,3.9,0,0
44601,t2,High,1,R2,20,938,6.2,0,0
44601,t2,High,1,R2,20,939,4.9,0,0
44601,t2,High,1,R2,20,940,4.2,0,0
44601,t2,High,1,R3,21,941,7.5,1,1
44601,t2,High,1,R3,21,942,6.9,0,0
44601,t2,High,1,R3,21,943,7,1,1
44601,t2,High,1,R3,21,944,6.2,0,0
44601,t2,High,1,R3,21,945,4.9,1,1
44601,t2,High,1,R3,21,946,5,1,1
44601,t2,High,1,R3,21,947,2.8,1,1
44601,t2,High,1,R3,21,948,6.6,0,0
44601,t2,High,1,R3,21,949,5.9,0,0
44601,t2,High,1,R3,21,950,3.8,0,0
44601,t2,High,1,R3,21,951,5.3,0,0
44601,t2,High,1,R3,21,952,7.2,0,0
44601,t2,High,1,R3,21,953,2.9,0,0
44601,t2,High,1,R3,21,954,3.7,1,1
44601,t2,High,1,R3,21,955,3,1,1
44601,t2,High,1,R3,21,956,5.7,1,1
44601,t2,High,1,R3,21,957,2.3,0,0
44601,t2,High,1,R3,21,958,7,1,1
44601,t2,High,1,R3,21,959,2.9,1,1
44601,t2,High,1,R3,21,960,6.1,0,0
44601,t2,High,2,R1,22,961,5.1,0,0
44601,t2,High,2,R1,22,962,3.2,0,0
44601,t2,High,2,R1,22,963,2.8,1,1
44601,t2,High,2,R1,22,964,2.9,0,0
44601,t2,High,2,R1,22,965,5.1,1,1
44601,t2,High,2,R1,22,966,7.6,0,0
44601,t2,High,2,R1,22,967,5.5,1,1
44601,t2,High,2,R1,22,968,4.4,0,0
44601,t2,High,2,R1,22,969,3.8,0,0
44601,t2,High,2,R1,22,970,6.8,0,0
44601,t2,High,2,R1,22,971,3.7,0,0
44601,t2,High,2,R1,22,972,4.9,1,1
44601,t2,High,2,R1,22,973,1.8,1,1
44601,t2,High,2,R1,22,974,3.9,0,0
44601,t2,High,2,R1,22,975,7,1,1
44601,t2,High,2,R1,22,976,4.6,0,0
44601,t2,High,2,R1,22,977,3.6,0,0
44601,t2,High,2,R1,22,978,6.4,1,1
44601,t2,High,2,R1,22,979,5.2,1,1
44601,t2,High,2,R1,22,980,3.7,0,0
44601,t2,High,2,R2,23,981,6.6,0,0
44601,t2,High,2,R2,23,982,6.8,1,1
44601,t2,High,2,R2,23,983,5.2,0,0
44601,t2,High,2,R2,23,984,3.9,1,1
44601,t2,High,2,R2,23,985,2.9,0,0
44601,t2,High,2,R2,23,986,7.7,0,0
44601,t2,High,2,R2,23,987,6.2,0,0
44601,t2,High,2,R2,23,988,5.7,0,0
44601,t2,High,2,R2,23,989,5.1,0,0
44601,t2,High,2,R2,23,990,6.1,0.5,1
44601,t2,High,2,R2,23,991,5.2,0,0
44601,t2,High,2,R2,23,992,10.6,0,0
44601,t2,High,2,R2,23,993,2.5,0,0
44601,t2,High,2,R2,23,994,6,0,0
44601,t2,High,2,R2,23,995,6.4,0,0
44601,t2,High,2,R2,23,996,3.8,1,1
44601,t2,High,2,R2,23,997,4.5,1,1
44601,t2,High,2,R2,23,998,4.5,0,0
44601,t2,High,2,R2,23,999,4.1,1,1
44601,t2,High,2,R2,23,1000,6.6,1,1
44601,t2,High,2,R3,24,1001,3.8,1,1
44601,t2,High,2,R3,24,1002,6.4,0,0
44601,t2,High,2,R3,24,1003,3.6,1,1
44601,t2,High,2,R3,24,1004,6.6,0,0
44601,t2,High,2,R3,24,1005,6.7,1,1
44601,t2,High,2,R3,24,1006,6.6,2,1
44601,t2,High,2,R3,24,1007,5.4,0,0
44601,t2,High,2,R3,24,1008,4.3,0,0
44601,t2,High,2,R3,24,1009,3.7,0,0
44601,t2,High,2,R3,24,1010,6,1,1
44601,t2,High,2,R3,24,1011,5.1,0,0
44601,t2,High,2,R3,24,1012,3.6,0,0
44601,t2,High,2,R3,24,1013,4.8,0,0
44601,t2,High,2,R3,24,1014,4.4,0,0
44601,t2,High,2,R3,24,1015,5.7,0,0
44601,t2,High,2,R3,24,1016,5.6,0,0
44601,t2,High,2,R3,24,1017,5.7,0,0
44601,t2,High,2,R3,24,1018,6.7,0,0
44601,t2,High,2,R3,24,1019,6.8,0,0
44601,t2,High,2,R3,24,1020,5,0,0
44601,t2,High,3,R1,25,1021,6.4,0,0
44601,t2,High,3,R1,25,1022,5.6,0,0
44601,t2,High,3,R1,25,1023,6.5,1,1
44601,t2,High,3,R1,25,1024,5.1,1,1
44601,t2,High,3,R1,25,1025,5,1,1
44601,t2,High,3,R1,25,1026,6.3,0,0
44601,t2,High,3,R1,25,1027,4.3,1,1
44601,t2,High,3,R1,25,1028,4.6,0,0
44601,t2,High,3,R1,25,1029,5.6,1,1
44601,t2,High,3,R1,25,1030,3.2,0,0
44601,t2,High,3,R1,25,1031,8.9,0,0
44601,t2,High,3,R1,25,1032,4.5,0,0
44601,t2,High,3,R1,25,1033,4.4,0,0
44601,t2,High,3,R1,25,1034,4.8,0,0
44601,t2,High,3,R1,25,1035,4,0,0
44601,t2,High,3,R1,25,1036,7.2,1,1
44601,t2,High,3,R1,25,1037,6.7,0,0
44601,t2,High,3,R1,25,1038,3.5,0,0
44601,t2,High,3,R1,25,1039,7.9,0,0
44601,t2,High,3,R1,25,1040,7.2,1,1
44601,t2,High,3,R2,26,1041,9.3,1,1
44601,t2,High,3,R2,26,1042,5.3,0,0
44601,t2,High,3,R2,26,1043,2.5,0,0
44601,t2,High,3,R2,26,1044,3.9,0,0
44601,t2,High,3,R2,26,1045,3.8,1,1
44601,t2,High,3,R2,26,1046,4,0,0
44601,t2,High,3,R2,26,1047,3,0,0
44601,t2,High,3,R2,26,1048,5.7,0,0
44601,t2,High,3,R2,26,1049,5,1,1
44601,t2,High,3,R2,26,1050,9.1,0,0
44601,t2,High,3,R2,26,1051,7,0,0
44601,t2,High,3,R2,26,1052,6.6,0,0
44601,t2,High,3,R2,26,1053,3,1,1
44601,t2,High,3,R2,26,1054,4.9,1,1
44601,t2,High,3,R2,26,1055,4.4,0,0
44601,t2,High,3,R2,26,1056,6.3,1,1
44601,t2,High,3,R2,26,1057,4.2,0,0
44601,t2,High,3,R2,26,1058,5.9,0,0
44601,t2,High,3,R2,26,1059,6.1,0,0
44601,t2,High,3,R2,26,1060,5.1,0,0
44601,t2,High,3,R3,27,1061,6.4,0,0
44601,t2,High,3,R3,27,1062,4.1,2,1
44601,t2,High,3,R3,27,1063,3.8,1,1
44601,t2,High,3,R3,27,1064,5.9,1,1
44601,t2,High,3,R3,27,1065,5.7,0,0
44601,t2,High,3,R3,27,1066,6.7,1,1
44601,t2,High,3,R3,27,1067,7.4,0,0
44601,t2,High,3,R3,27,1068,9.8,1,1
44601,t2,High,3,R3,27,1069,4.4,1,1
44601,t2,High,3,R3,27,1070,5.9,0,0
44601,t2,High,3,R3,27,1071,5.1,0,0
44601,t2,High,3,R3,27,1072,2.7,0,0
44601,t2,High,3,R3,27,1073,4.3,0,0
44601,t2,High,3,R3,27,1074,7.2,0,0
44601,t2,High,3,R3,27,1075,4.9,1,1
44601,t2,High,3,R3,27,1076,6.5,1,1
44601,t2,High,3,R3,27,1077,2.9,0,0
44601,t2,High,3,R3,27,1078,7.5,0,0
44601,t2,High,3,R3,27,1079,3.8,1,1
44601,t2,High,3,R3,27,1080,4.9,0,0
44615,t3,Ambient,1,R1,1,1081,6.1,1,1
44615,t3,Ambient,1,R1,1,1082,4.6,0,0
44615,t3,Ambient,1,R1,1,1083,10.5,0,0
44615,t3,Ambient,1,R1,1,1084,8.1,1,1
44615,t3,Ambient,1,R1,1,1085,4,0,0
44615,t3,Ambient,1,R1,1,1086,5.4,0,0
44615,t3,Ambient,1,R1,1,1087,6.4,0,0
44615,t3,Ambient,1,R1,1,1088,6.8,0,0
44615,t3,Ambient,1,R1,1,1089,5.1,1,1
44615,t3,Ambient,1,R1,1,1090,4.8,1,1
44615,t3,Ambient,1,R1,1,1091,5.7,1,1
44615,t3,Ambient,1,R1,1,1092,4.6,0,0
44615,t3,Ambient,1,R1,1,1093,9.8,0,0
44615,t3,Ambient,1,R1,1,1094,9.3,0,0
44615,t3,Ambient,1,R1,1,1095,5.9,1,1
44615,t3,Ambient,1,R1,1,1096,12,0,0
44615,t3,Ambient,1,R1,1,1097,3.9,1,1
44615,t3,Ambient,1,R1,1,1098,5.8,0,0
44615,t3,Ambient,1,R1,1,1099,3.8,0,0
44615,t3,Ambient,1,R1,1,1100,3.7,1,1
44615,t3,Ambient,1,R2,2,1101,4.7,1,1
44615,t3,Ambient,1,R2,2,1102,107,0,0
44615,t3,Ambient,1,R2,2,1103,7.4,1,1
44615,t3,Ambient,1,R2,2,1104,9,0,0
44615,t3,Ambient,1,R2,2,1105,8.2,0,0
44615,t3,Ambient,1,R2,2,1106,7.8,0,0
44615,t3,Ambient,1,R2,2,1107,6.1,1,1
44615,t3,Ambient,1,R2,2,1108,8.3,1,1
44615,t3,Ambient,1,R2,2,1109,6.2,1,1
44615,t3,Ambient,1,R2,2,1110,9.8,0,0
44615,t3,Ambient,1,R2,2,1111,9.9,0,0
44615,t3,Ambient,1,R2,2,1112,7.2,1,1
44615,t3,Ambient,1,R2,2,1113,11.6,0,0
44615,t3,Ambient,1,R2,2,1114,6.9,0,0
44615,t3,Ambient,1,R2,2,1115,5.1,0,0
44615,t3,Ambient,1,R2,2,1116,12.1,0,0
44615,t3,Ambient,1,R2,2,1117,11,0,0
44615,t3,Ambient,1,R2,2,1118,1.5,0,0
44615,t3,Ambient,1,R2,2,1119,2.3,0,0
44615,t3,Ambient,1,R2,3,1120,4.9,0,0
44615,t3,Ambient,1,R3,3,1121,6.6,0,0
44615,t3,Ambient,1,R3,3,1122,7.2,0,0
44615,t3,Ambient,1,R3,3,1123,3.3,1,1
44615,t3,Ambient,1,R3,3,1124,6.6,0,0
44615,t3,Ambient,1,R3,3,1125,3,0,0
44615,t3,Ambient,1,R3,3,1126,7.2,0,0
44615,t3,Ambient,1,R3,3,1127,6.1,1,1
44615,t3,Ambient,1,R3,3,1128,8.4,0,0
44615,t3,Ambient,1,R3,3,1129,8.8,1,1
44615,t3,Ambient,1,R3,3,1130,5.7,0,0
44615,t3,Ambient,1,R3,3,1131,8.9,0,0
44615,t3,Ambient,1,R3,3,1132,4.5,0,0
44615,t3,Ambient,1,R3,3,1133,5.8,1,1
44615,t3,Ambient,1,R3,3,1134,6.7,1,1
44615,t3,Ambient,1,R3,3,1135,6,0,0
44615,t3,Ambient,1,R3,3,1136,7.5,0,0
44615,t3,Ambient,1,R3,3,1137,9,1,1
44615,t3,Ambient,1,R3,3,1138,5.9,0,0
44615,t3,Ambient,1,R3,3,1139,5.5,0,0
44615,t3,Ambient,2,R1,4,1140,6.2,0,0
44615,t3,Ambient,2,R1,4,1141,9,0,0
44615,t3,Ambient,2,R1,4,1142,6.4,1,1
44615,t3,Ambient,2,R1,4,1143,5.7,1,1
44615,t3,Ambient,2,R1,4,1144,8.7,0,0
44615,t3,Ambient,2,R1,4,1145,9.2,0,0
44615,t3,Ambient,2,R1,4,1146,6.6,0,0
44615,t3,Ambient,2,R1,4,1147,14.7,0,0
44615,t3,Ambient,2,R1,4,1148,8.9,0,0
44615,t3,Ambient,2,R1,4,1149,5,0,0
44615,t3,Ambient,2,R1,4,1150,7.1,1,1
44615,t3,Ambient,2,R1,4,1151,8.4,0,0
44615,t3,Ambient,2,R1,4,1152,6.5,0,0
44615,t3,Ambient,2,R1,4,1153,5.9,0,0
44615,t3,Ambient,2,R1,4,1154,1.1,0,0
44615,t3,Ambient,2,R1,4,1155,6.2,1,1
44615,t3,Ambient,2,R1,4,1156,2.5,0,0
44615,t3,Ambient,2,R1,4,1157,10.5,0,0
44615,t3,Ambient,2,R1,4,1158,7.3,0,0
44615,t3,Ambient,2,R1,4,1159,7,0,0
44615,t3,Ambient,2,R2,5,1160,10.9,0,0
44615,t3,Ambient,2,R2,5,1161,7,0,0
44615,t3,Ambient,2,R2,5,1162,7.6,1,1
44615,t3,Ambient,2,R2,5,1163,6.1,0,0
44615,t3,Ambient,2,R2,5,1164,6.7,0,0
44615,t3,Ambient,2,R2,5,1165,7.2,1,1
44615,t3,Ambient,2,R2,5,1166,6.2,0,0
44615,t3,Ambient,2,R2,5,1167,1.9,1,1
44615,t3,Ambient,2,R2,5,1168,3.1,1,1
44615,t3,Ambient,2,R2,5,1169,2.2,0,0
44615,t3,Ambient,2,R2,5,1170,5.8,0,0
44615,t3,Ambient,2,R2,5,1171,9.3,1,1
44615,t3,Ambient,2,R2,5,1172,7,0,0
44615,t3,Ambient,2,R2,5,1173,8,0,0
44615,t3,Ambient,2,R2,5,1174,4.4,0,0
44615,t3,Ambient,2,R2,5,1175,7.1,1,1
44615,t3,Ambient,2,R2,5,1176,3.5,0,0
44615,t3,Ambient,2,R2,5,1177,6,0,0
44615,t3,Ambient,2,R2,5,1178,5.4,1,1
44615,t3,Ambient,2,R2,5,1179,9.2,0,0
44615,t3,Ambient,2,R3,6,1180,6.6,0,0
44615,t3,Ambient,2,R3,6,1181,2.9,0,0
44615,t3,Ambient,2,R3,6,1182,7.4,1,1
44615,t3,Ambient,2,R3,6,1183,6,0,0
44615,t3,Ambient,2,R3,6,1184,5.1,0,0
44615,t3,Ambient,2,R3,6,1185,3.9,0,0
44615,t3,Ambient,2,R3,6,1186,2.7,0,0
44615,t3,Ambient,2,R3,6,1187,2.9,0,0
44615,t3,Ambient,2,R3,6,1188,6.8,0,0
44615,t3,Ambient,2,R3,6,1189,4.5,1,1
44615,t3,Ambient,2,R3,6,1190,3.3,0,0
44615,t3,Ambient,2,R3,6,1191,6.3,0,0
44615,t3,Ambient,2,R3,6,1192,5.3,1,1
44615,t3,Ambient,2,R3,6,1193,8,0,0
44615,t3,Ambient,2,R3,6,1194,7.9,0,0
44615,t3,Ambient,2,R3,6,1195,6.6,1,1
44615,t3,Ambient,2,R3,6,1196,8,0,0
44615,t3,Ambient,2,R3,6,1197,9.8,0,0
44615,t3,Ambient,2,R3,6,1198,9.8,1,1
44615,t3,Ambient,2,R3,6,1199,5.8,0,0
44615,t3,Ambient,3,R1,7,1200,2.9,0,0
44615,t3,Ambient,3,R1,7,1201,4.7,0,0
44615,t3,Ambient,3,R1,7,1202,4.8,0,0
44615,t3,Ambient,3,R1,7,1203,5,0,0
44615,t3,Ambient,3,R1,7,1204,5.7,1,1
44615,t3,Ambient,3,R1,7,1205,11.2,0,0
44615,t3,Ambient,3,R1,7,1206,12.6,0,0
44615,t3,Ambient,3,R1,7,1207,8.1,1,1
44615,t3,Ambient,3,R1,7,1208,5.9,1,1
44615,t3,Ambient,3,R1,7,1209,10.8,0,0
44615,t3,Ambient,3,R1,7,1210,2.5,0,0
44615,t3,Ambient,3,R1,7,1211,4.5,0,0
44615,t3,Ambient,3,R1,7,1212,5.6,0,0
44615,t3,Ambient,3,R1,7,1213,4.8,1,1
44615,t3,Ambient,3,R1,7,1214,4.2,0,0
44615,t3,Ambient,3,R1,7,1215,10.3,0,0
44615,t3,Ambient,3,R1,7,1216,4.9,1,1
44615,t3,Ambient,3,R1,7,1217,7.3,1,1
44615,t3,Ambient,3,R1,7,1218,8.2,1,1
44615,t3,Ambient,3,R1,7,1219,5.2,0,0
44615,t3,Ambient,3,R2,8,1220,5.7,0,0
44615,t3,Ambient,3,R2,8,1221,6.4,0,0
44615,t3,Ambient,3,R2,8,1222,3.3,1,1
44615,t3,Ambient,3,R2,8,1223,7.7,1,1
44615,t3,Ambient,3,R2,8,1224,1.8,0,0
44615,t3,Ambient,3,R2,8,1225,5.5,0,0
44615,t3,Ambient,3,R2,8,1226,3.5,1,1
44615,t3,Ambient,3,R2,8,1227,5.5,0,0
44615,t3,Ambient,3,R2,8,1228,7.6,0,0
44615,t3,Ambient,3,R2,8,1229,3.2,0,0
44615,t3,Ambient,3,R2,8,1230,7.3,1,1
44615,t3,Ambient,3,R2,8,1231,5.2,0,0
44615,t3,Ambient,3,R2,8,1232,7,0,0
44615,t3,Ambient,3,R2,8,1233,2.4,0,0
44615,t3,Ambient,3,R2,8,1234,7.9,0,0
44615,t3,Ambient,3,R2,8,1235,5.8,0,0
44615,t3,Ambient,3,R2,8,1236,3.7,0,0
44615,t3,Ambient,3,R2,8,1237,8.6,0,0
44615,t3,Ambient,3,R2,8,1238,2.6,0,0
44615,t3,Ambient,3,R2,8,1239,9,1,1
44615,t3,Ambient,3,R3,9,1240,5,1,1
44615,t3,Ambient,3,R3,9,1241,2.4,0,0
44615,t3,Ambient,3,R3,9,1242,3.8,0,0
44615,t3,Ambient,3,R3,9,1243,4.2,1,1
44615,t3,Ambient,3,R3,9,1244,7,0,0
44615,t3,Ambient,3,R3,9,1245,7,0,0
44615,t3,Ambient,3,R3,9,1246,4.1,0,0
44615,t3,Ambient,3,R3,9,1247,5.9,1,1
44615,t3,Ambient,3,R3,9,1248,6.4,0,0
44615,t3,Ambient,3,R3,9,1249,6.3,0,0
44615,t3,Ambient,3,R3,9,1250,9.2,0,0
44615,t3,Ambient,3,R3,9,1251,2.3,0,0
44615,t3,Ambient,3,R3,9,1252,7.2,0,0
44615,t3,Ambient,3,R3,9,1253,4.8,1,1
44615,t3,Ambient,3,R3,9,1254,4.6,0,0
44615,t3,Ambient,3,R3,9,1255,5.1,0,0
44615,t3,Ambient,3,R3,9,1256,2.7,0,0
44615,t3,Ambient,3,R3,9,1257,5.5,1,1
44615,t3,Ambient,3,R3,9,1258,7.5,0,0
44615,t3,Ambient,3,R3,9,1259,8.6,1,1
44615,t3,Low,1,R1,10,1260,2.3,0,0
44615,t3,Low,1,R1,10,1261,6,1,1
44615,t3,Low,1,R1,10,1262,5.7,0,0
44615,t3,Low,1,R1,10,1263,6.4,0,0
44615,t3,Low,1,R1,10,1264,7.4,0,0
44615,t3,Low,1,R1,10,1265,11.3,1,1
44615,t3,Low,1,R1,10,1266,7.8,1,1
44615,t3,Low,1,R1,10,1267,8.6,1,1
44615,t3,Low,1,R1,10,1268,8.8,0,0
44615,t3,Low,1,R1,10,1269,12.7,0,0
44615,t3,Low,1,R1,10,1270,3.9,0,0
44615,t3,Low,1,R1,10,1271,10,0,0
44615,t3,Low,1,R1,10,1272,4.7,1,1
44615,t3,Low,1,R1,10,1273,5,0,0
44615,t3,Low,1,R1,10,1274,9.1,0,0
44615,t3,Low,1,R1,10,1275,4.4,0,0
44615,t3,Low,1,R1,10,1276,1.9,0,0
44615,t3,Low,1,R1,10,1277,2,0,0
44615,t3,Low,1,R1,10,1278,6.1,1,1
44615,t3,Low,1,R1,10,1279,6,0,0
44615,t3,Low,1,R2,11,1280,4.1,0,0
44615,t3,Low,1,R2,11,1281,5.9,0,0
44615,t3,Low,1,R2,11,1282,5.3,0,0
44615,t3,Low,1,R2,11,1283,4.4,1,1
44615,t3,Low,1,R2,11,1284,4.5,0,0
44615,t3,Low,1,R2,11,1285,3.7,0,0
44615,t3,Low,1,R2,11,1286,3.4,0,0
44615,t3,Low,1,R2,11,1287,6.9,1,1
44615,t3,Low,1,R2,11,1288,1.9,0,0
44615,t3,Low,1,R2,11,1289,7.4,0,0
44615,t3,Low,1,R2,11,1290,4,0,0
44615,t3,Low,1,R2,11,1291,7.4,0,0
44615,t3,Low,1,R2,11,1292,6,1,1
44615,t3,Low,1,R2,11,1293,5.2,1,1
44615,t3,Low,1,R2,11,1294,2.2,0,0
44615,t3,Low,1,R2,11,1295,5.8,0,0
44615,t3,Low,1,R2,11,1296,4.5,0,0
44615,t3,Low,1,R2,11,1297,4,1,1
44615,t3,Low,1,R2,11,1298,4.5,1,1
44615,t3,Low,1,R2,11,1299,2.9,0,0
44615,t3,Low,1,R3,12,1300,6.3,0,0
44615,t3,Low,1,R3,12,1301,10.8,0,0
44615,t3,Low,1,R3,12,1302,6.4,0,0
44615,t3,Low,1,R3,12,1303,10,1,1
44615,t3,Low,1,R3,12,1304,4.8,0,0
44615,t3,Low,1,R3,12,1305,6,0,0
44615,t3,Low,1,R3,12,1306,5.6,0,0
44615,t3,Low,1,R3,12,1307,1.7,0,0
44615,t3,Low,1,R3,12,1308,4.9,2,1
44615,t3,Low,1,R3,12,1309,5.5,1,1
44615,t3,Low,1,R3,12,1310,1.8,0,0
44615,t3,Low,1,R3,12,1311,3.9,0,0
44615,t3,Low,1,R3,12,1312,5.3,0,0
44615,t3,Low,1,R3,12,1313,4.5,0,0
44615,t3,Low,1,R3,12,1314,2.3,0,0
44615,t3,Low,1,R3,12,1315,9.8,1,1
44615,t3,Low,1,R3,12,1316,8,0,0
44615,t3,Low,1,R3,12,1317,2,0,0
44615,t3,Low,1,R3,12,1318,4.5,0,0
44615,t3,Low,1,R3,12,1319,5.5,1,1
44615,t3,Low,2,R1,13,1320,4,0,0
44615,t3,Low,2,R1,13,1321,7.1,0,0
44615,t3,Low,2,R1,13,1322,7.1,0,0
44615,t3,Low,2,R1,13,1323,10.1,0,0
44615,t3,Low,2,R1,13,1324,11.4,0,0
44615,t3,Low,2,R1,13,1325,4.3,0,0
44615,t3,Low,2,R1,13,1326,11,1,1
44615,t3,Low,2,R1,13,1327,4.2,0,0
44615,t3,Low,2,R1,13,1328,5.1,0,0
44615,t3,Low,2,R1,13,1329,6.6,1,1
44615,t3,Low,2,R1,13,1330,8.5,0,0
44615,t3,Low,2,R1,13,1331,5.5,0,0
44615,t3,Low,2,R1,13,1332,5.2,0,0
44615,t3,Low,2,R1,13,1333,9.1,1,1
44615,t3,Low,2,R1,13,1334,4.4,1,1
44615,t3,Low,2,R1,13,1335,6.8,1,1
44615,t3,Low,2,R1,13,1336,4,0,0
44615,t3,Low,2,R1,13,1337,4.5,1,1
44615,t3,Low,2,R1,13,1338,6.8,0,0
44615,t3,Low,2,R1,13,1339,4.5,0,0
44615,t3,Low,2,R2,14,1340,4.6,0,0
44615,t3,Low,2,R2,14,1341,7.2,0,0
44615,t3,Low,2,R2,14,1342,5,0,0
44615,t3,Low,2,R2,14,1343,7.8,1,1
44615,t3,Low,2,R2,14,1344,5.8,0,0
44615,t3,Low,2,R2,14,1345,6.3,1,1
44615,t3,Low,2,R2,14,1346,5.3,1,1
44615,t3,Low,2,R2,14,1347,4.4,0,0
44615,t3,Low,2,R2,14,1348,10.3,0,0
44615,t3,Low,2,R2,14,1349,7.2,0,0
44615,t3,Low,2,R2,14,1350,6.7,0,0
44615,t3,Low,2,R2,14,1351,8.4,1,1
44615,t3,Low,2,R2,14,1352,5.8,0,0
44615,t3,Low,2,R2,14,1353,4.6,1,1
44615,t3,Low,2,R2,14,1354,9,0,0
44615,t3,Low,2,R2,14,1355,8.2,0,0
44615,t3,Low,2,R2,14,1356,7.8,0,0
44615,t3,Low,2,R2,14,1357,5.6,1,1
44615,t3,Low,2,R2,14,1358,5.7,0,0
44615,t3,Low,2,R2,14,1359,8.4,0,0
44615,t3,Low,2,R3,15,1360,4.9,1,1
44615,t3,Low,2,R3,15,1361,7.3,0,0
44615,t3,Low,2,R3,15,1362,2.8,0,0
44615,t3,Low,2,R3,15,1363,2.1,0,0
44615,t3,Low,2,R3,15,1364,9.3,0,0
44615,t3,Low,2,R3,15,1365,4.3,0,0
44615,t3,Low,2,R3,15,1366,9.3,0,0
44615,t3,Low,2,R3,15,1367,10.1,1,1
44615,t3,Low,2,R3,15,1368,9,0,0
44615,t3,Low,2,R3,15,1369,4.2,1,1
44615,t3,Low,2,R3,15,1370,4.6,1,1
44615,t3,Low,2,R3,15,1371,5.3,1,1
44615,t3,Low,2,R3,15,1372,4.7,0,0
44615,t3,Low,2,R3,15,1373,7,1,1
44615,t3,Low,2,R3,15,1374,7.7,0,0
44615,t3,Low,2,R3,15,1375,4.3,1,1
44615,t3,Low,2,R3,15,1376,4.2,1,1
44615,t3,Low,2,R3,15,1377,12.1,0,0
44615,t3,Low,2,R3,15,1378,6.8,0,0
44615,t3,Low,2,R3,15,1379,12.4,1,1
44615,t3,Low,3,R1,16,1380,6.2,1,1
44615,t3,Low,3,R1,16,1381,7.8,0,0
44615,t3,Low,3,R1,16,1382,6.1,1,1
44615,t3,Low,3,R1,16,1383,5.6,1,1
44615,t3,Low,3,R1,16,1384,5.4,0,0
44615,t3,Low,3,R1,16,1385,12.4,0,0
44615,t3,Low,3,R1,16,1386,5.3,1,1
44615,t3,Low,3,R1,16,1387,5.3,1,1
44615,t3,Low,3,R1,16,1388,6.3,1,1
44615,t3,Low,3,R1,16,1389,4.3,0,0
44615,t3,Low,3,R1,16,1390,8.4,0,0
44615,t3,Low,3,R1,16,1391,6.1,0,0
44615,t3,Low,3,R1,16,1392,8.6,1,1
44615,t3,Low,3,R1,16,1393,5.9,0,0
44615,t3,Low,3,R1,16,1394,6.1,1,1
44615,t3,Low,3,R1,16,1395,1.8,0,0
44615,t3,Low,3,R1,16,1396,6.5,0,0
44615,t3,Low,3,R1,16,1397,3.9,0,0
44615,t3,Low,3,R1,16,1398,5.5,1,1
44615,t3,Low,3,R1,16,1399,5.9,1,1
44615,t3,Low,3,R2,17,1400,5.4,0,0
44615,t3,Low,3,R2,17,1401,9.1,0,0
44615,t3,Low,3,R2,17,1402,3.1,0,0
44615,t3,Low,3,R2,17,1403,12.9,0,0
44615,t3,Low,3,R2,17,1404,8.3,1,1
44615,t3,Low,3,R2,17,1405,6.9,1,1
44615,t3,Low,3,R2,17,1406,5.4,1,1
44615,t3,Low,3,R2,17,1407,5.8,1.5,1
44615,t3,Low,3,R2,17,1408,7,0,0
44615,t3,Low,3,R2,17,1409,3.5,0,0
44615,t3,Low,3,R2,17,1410,7.5,0,0
44615,t3,Low,3,R2,17,1411,8.8,2,1
44615,t3,Low,3,R2,17,1412,4,0,0
44615,t3,Low,3,R2,17,1413,7.4,0,0
44615,t3,Low,3,R2,17,1414,5,0,0
44615,t3,Low,3,R2,17,1415,1.2,0,0
44615,t3,Low,3,R2,17,1416,9.6,0,0
44615,t3,Low,3,R2,17,1417,7.9,0,0
44615,t3,Low,3,R2,17,1418,7.5,0,0
44615,t3,Low,3,R2,17,1419,5.3,1,1
44615,t3,Low,3,R3,18,1420,4.2,0,0
44615,t3,Low,3,R3,18,1421,11.1,0,0
44615,t3,Low,3,R3,18,1422,4.1,0,0
44615,t3,Low,3,R3,18,1423,5,0,0
44615,t3,Low,3,R3,18,1424,7.5,0,0
44615,t3,Low,3,R3,18,1425,6.5,1,1
44615,t3,Low,3,R3,18,1426,6.1,0,0
44615,t3,Low,3,R3,18,1427,10.2,1,1
44615,t3,Low,3,R3,18,1428,2.2,0,0
44615,t3,Low,3,R3,18,1429,10,0,0
44615,t3,Low,3,R3,18,1430,11.1,1,1
44615,t3,Low,3,R3,18,1431,6.7,0,0
44615,t3,Low,3,R3,18,1432,5.3,0,0
44615,t3,Low,3,R3,18,1433,6.1,1,1
44615,t3,Low,3,R3,18,1434,5.8,0,0
44615,t3,Low,3,R3,18,1435,6.8,0,0
44615,t3,Low,3,R3,18,1436,8.3,0,0
44615,t3,Low,3,R3,18,1437,8.6,1,1
44615,t3,Low,3,R3,18,1438,6.2,1,1
44615,t3,Low,3,R3,18,1439,8.4,1,1
44615,t3,High,1,R1,19,1440,9.1,1,1
44615,t3,High,1,R1,19,1441,6.8,1,1
44615,t3,High,1,R1,19,1442,9.7,1,1
44615,t3,High,1,R1,19,1443,3,2,1
44615,t3,High,1,R1,19,1444,7.1,0,0
44615,t3,High,1,R1,19,1445,5.2,0,0
44615,t3,High,1,R1,19,1446,9.8,0,0
44615,t3,High,1,R1,19,1447,1.7,0,0
44615,t3,High,1,R1,19,1448,2.1,0,0
44615,t3,High,1,R1,19,1449,5.1,0,0
44615,t3,High,1,R1,19,1450,2.9,0,0
44615,t3,High,1,R1,19,1451,5,1,1
44615,t3,High,1,R1,19,1452,7.1,0,0
44615,t3,High,1,R1,19,1453,9.3,0,0
44615,t3,High,1,R1,19,1454,3.6,3,1
44615,t3,High,1,R1,19,1455,8,0,0
44615,t3,High,1,R1,19,1456,4.2,1,1
44615,t3,High,1,R1,19,1457,2.2,0,0
44615,t3,High,1,R1,19,1458,3,0,0
44615,t3,High,1,R1,19,1459,2.1,0,0
44615,t3,High,1,R2,20,1460,7.2,0,0
44615,t3,High,1,R2,20,1461,5.3,1,1
44615,t3,High,1,R2,20,1462,2.3,0,0
44615,t3,High,1,R2,20,1463,7.9,0,0
44615,t3,High,1,R2,20,1464,6.9,0,0
44615,t3,High,1,R2,20,1465,5.2,1,1
44615,t3,High,1,R2,20,1466,6.4,0,0
44615,t3,High,1,R2,20,1467,7,1,1
44615,t3,High,1,R2,20,1468,7.4,0,0
44615,t3,High,1,R2,20,1469,9.2,1,1
44615,t3,High,1,R2,20,1470,4,0,0
44615,t3,High,1,R2,20,1471,3.6,0,0
44615,t3,High,1,R2,20,1472,8.5,0,0
44615,t3,High,1,R2,20,1473,8,1,1
44615,t3,High,1,R2,20,1474,8.5,0,0
44615,t3,High,1,R2,20,1475,2.4,0,0
44615,t3,High,1,R2,20,1476,4.3,0,0
44615,t3,High,1,R2,20,1477,6.6,0,0
44615,t3,High,1,R2,20,1478,3.8,0,0
44615,t3,High,1,R2,20,1479,10.2,0,0
44615,t3,High,1,R3,21,1480,6.9,0,0
44615,t3,High,1,R3,21,1481,2.9,0,0
44615,t3,High,1,R3,21,1482,6.1,1,1
44615,t3,High,1,R3,21,1483,9.2,1,1
44615,t3,High,1,R3,21,1484,8.2,1,1
44615,t3,High,1,R3,21,1485,4.1,0,0
44615,t3,High,1,R3,21,1486,10,1,1
44615,t3,High,1,R3,21,1487,4.9,0,0
44615,t3,High,1,R3,21,1488,4.2,1,1
44615,t3,High,1,R3,21,1489,8.5,0,0
44615,t3,High,1,R3,21,1490,4.2,0,0
44615,t3,High,1,R3,21,1491,8.7,1,1
44615,t3,High,1,R3,21,1492,3.2,1,1
44615,t3,High,1,R3,21,1493,9.3,1,1
44615,t3,High,1,R3,21,1494,7.2,0,0
44615,t3,High,1,R3,21,1495,4.9,0,0
44615,t3,High,1,R3,21,1496,8.3,0,0
44615,t3,High,1,R3,21,1497,3.5,1,1
44615,t3,High,1,R3,21,1498,4,1,1
44615,t3,High,1,R3,21,1499,7.5,0,0
44615,t3,High,2,R1,22,1500,2.5,0,0
44615,t3,High,2,R1,22,1501,7.9,0,0
44615,t3,High,2,R1,22,1502,2.8,0,0
44615,t3,High,2,R1,22,1503,5.9,0,0
44615,t3,High,2,R1,22,1504,6.5,0,0
44615,t3,High,2,R1,22,1505,5,1,1
44615,t3,High,2,R1,22,1506,7.8,0,0
44615,t3,High,2,R1,22,1507,6.6,1,1
44615,t3,High,2,R1,22,1508,9.9,0,0
44615,t3,High,2,R1,22,1509,4.7,1,1
44615,t3,High,2,R1,22,1510,10.3,0,0
44615,t3,High,2,R1,22,1511,6.3,1,1
44615,t3,High,2,R1,22,1512,9.7,0,0
44615,t3,High,2,R1,22,1513,6.7,1,1
44615,t3,High,2,R1,22,1514,3.6,0,0
44615,t3,High,2,R1,22,1515,2.4,0,0
44615,t3,High,2,R1,22,1516,4.3,0,0
44615,t3,High,2,R1,22,1517,5.1,0,0
44615,t3,High,2,R1,22,1518,7.2,1,1
44615,t3,High,2,R1,22,1519,6.8,2,1
44615,t3,High,2,R2,23,1520,8,1,1
44615,t3,High,2,R2,23,1521,3.4,1,1
44615,t3,High,2,R2,23,1522,10.2,0,0
44615,t3,High,2,R2,23,1523,7.5,0,0
44615,t3,High,2,R2,23,1524,3.2,1,1
44615,t3,High,2,R2,23,1525,6,0,0
44615,t3,High,2,R2,23,1526,6.1,0,0
44615,t3,High,2,R2,23,1527,3.5,0,0
44615,t3,High,2,R2,23,1528,6.9,0,0
44615,t3,High,2,R2,23,1529,6,0,0
44615,t3,High,2,R2,23,1530,7.2,1,1
44615,t3,High,2,R2,23,1531,5.2,1,1
44615,t3,High,2,R2,23,1532,9.8,1,1
44615,t3,High,2,R2,23,1533,4,0,0
44615,t3,High,2,R2,23,1534,10.6,0,0
44615,t3,High,2,R2,23,1535,8.6,1,1
44615,t3,High,2,R2,23,1536,6.6,0,0
44615,t3,High,2,R2,23,1537,6.2,0,0
44615,t3,High,2,R2,23,1538,7.1,0,0
44615,t3,High,2,R2,23,1539,2.5,0,0
44615,t3,High,2,R3,24,1540,6.2,1,1
44615,t3,High,2,R3,24,1541,9.6,1,1
44615,t3,High,2,R3,24,1542,6.5,0,0
44615,t3,High,2,R3,24,1543,5.5,0,0
44615,t3,High,2,R3,24,1544,3.9,0,0
44615,t3,High,2,R3,24,1545,6,0,0
44615,t3,High,2,R3,24,1546,4.7,0,0
44615,t3,High,2,R3,24,1547,6.5,0,0
44615,t3,High,2,R3,24,1548,6.9,0,0
44615,t3,High,2,R3,24,1549,5.1,0,0
44615,t3,High,2,R3,24,1550,6.7,2,1
44615,t3,High,2,R3,24,1551,7.6,0,0
44615,t3,High,2,R3,24,1552,6.7,0,0
44615,t3,High,2,R3,24,1553,6.1,0,0
44615,t3,High,2,R3,24,1554,4.9,0,0
44615,t3,High,2,R3,24,1555,6.1,0,0
44615,t3,High,2,R3,24,1556,10.8,2,1
44615,t3,High,2,R3,24,1557,7.4,0,0
44615,t3,High,2,R3,24,1558,6.3,0,0
44615,t3,High,2,R3,24,1559,7.7,1,1
44615,t3,High,3,R1,25,1560,7.2,0,0
44615,t3,High,3,R1,25,1561,7.7,0,0
44615,t3,High,3,R1,25,1562,5.8,1,1
44615,t3,High,3,R1,25,1563,3.4,0,0
44615,t3,High,3,R1,25,1564,8.5,0,0
44615,t3,High,3,R1,25,1565,7.3,0,0
44615,t3,High,3,R1,25,1566,10,0,0
44615,t3,High,3,R1,25,1567,2.5,0,0
44615,t3,High,3,R1,25,1568,4.3,0,0
44615,t3,High,3,R1,25,1569,5.5,0,0
44615,t3,High,3,R1,25,1570,8.7,0,0
44615,t3,High,3,R1,25,1571,6.6,0,0
44615,t3,High,3,R1,25,1572,6.2,1,1
44615,t3,High,3,R1,25,1573,5.2,3,1
44615,t3,High,3,R1,25,1574,8,1,1
44615,t3,High,3,R1,25,1575,5.6,0,0
44615,t3,High,3,R1,25,1576,10.6,0,0
44615,t3,High,3,R1,25,1577,6.8,0,0
44615,t3,High,3,R1,25,1578,10.9,0,0
44615,t3,High,3,R1,25,1579,4,1,1
44615,t3,High,3,R2,26,1580,6.7,1,1
44615,t3,High,3,R2,26,1581,5.9,1,1
44615,t3,High,3,R2,26,1582,4.5,0,0
44615,t3,High,3,R2,26,1583,6.4,1,1
44615,t3,High,3,R2,26,1584,3.9,0,0
44615,t3,High,3,R2,26,1585,5.5,1,1
44615,t3,High,3,R2,26,1586,5.1,0,0
44615,t3,High,3,R2,26,1587,7.1,1,1
44615,t3,High,3,R2,26,1588,4.3,0,0
44615,t3,High,3,R2,26,1589,8,1,1
44615,t3,High,3,R2,26,1590,7.9,0,0
44615,t3,High,3,R2,26,1591,6.9,0,0
44615,t3,High,3,R2,26,1592,4.6,0,0
44615,t3,High,3,R2,26,1593,4.2,0,0
44615,t3,High,3,R2,26,1594,5.6,1,1
44615,t3,High,3,R2,26,1595,8.3,0,0
44615,t3,High,3,R2,26,1596,9.3,1,1
44615,t3,High,3,R2,26,1597,5.3,0,0
44615,t3,High,3,R2,26,1598,4.5,0,0
44615,t3,High,3,R2,26,1599,4.6,1,1
44615,t3,High,3,R3,27,1600,6.4,1,1
44615,t3,High,3,R3,27,1601,2.3,0,0
44615,t3,High,3,R3,27,1602,3.2,0,0
44615,t3,High,3,R3,27,1603,6.3,0,0
44615,t3,High,3,R3,27,1604,5,0,0
44615,t3,High,3,R3,27,1605,9.3,0,0
44615,t3,High,3,R3,27,1606,4.5,0,0
44615,t3,High,3,R3,27,1607,5.1,0,0
44615,t3,High,3,R3,27,1608,5.3,0,0
44615,t3,High,3,R3,27,1609,7.6,0,0
44615,t3,High,3,R3,27,1610,5.2,0,0
44615,t3,High,3,R3,27,1611,7.6,1,1
44615,t3,High,3,R3,27,1612,6.2,0,0
44615,t3,High,3,R3,27,1613,7.6,0,0
44615,t3,High,3,R3,27,1614,6.4,1,1
44615,t3,High,3,R3,27,1615,4,0,0
44615,t3,High,3,R3,27,1616,4.1,1,1
44615,t3,High,3,R3,27,1617,5.9,1,1
44615,t3,High,3,R3,27,1618,8.7,1,1
44615,t3,High,3,R3,27,1619,5.1,1,1
44629,t4,Ambient,1,R1,1,1620,6.3,0,0
44629,t4,Ambient,1,R1,1,1621,16.5,0,0
44629,t4,Ambient,1,R1,1,1622,8.7,0,0
44629,t4,Ambient,1,R1,1,1623,5.2,1,1
44629,t4,Ambient,1,R1,1,1624,11.3,1,1
44629,t4,Ambient,1,R1,1,1625,10.5,0,0
44629,t4,Ambient,1,R1,1,1626,7.6,1,1
44629,t4,Ambient,1,R1,1,1627,8.3,0,0
44629,t4,Ambient,1,R1,1,1628,12.4,0,0
44629,t4,Ambient,1,R1,1,1629,6.5,0,0
44629,t4,Ambient,1,R1,1,1630,15.2,1,1
44629,t4,Ambient,1,R1,1,1631,5.8,1,1
44629,t4,Ambient,1,R1,1,1632,4.7,0,0
44629,t4,Ambient,1,R1,1,1633,10.1,0,0
44629,t4,Ambient,1,R1,1,1634,7.6,1,1
44629,t4,Ambient,1,R1,1,1635,6.5,0,0
44629,t4,Ambient,1,R1,1,1636,4.5,1,1
44629,t4,Ambient,1,R1,1,1637,5,0,0
44629,t4,Ambient,1,R1,1,1638,7.1,1,1
44629,t4,Ambient,1,R1,1,1639,6.6,1,1
44629,t4,Ambient,1,R2,2,1640,15.8,1,1
44629,t4,Ambient,1,R2,2,1641,8.3,1,1
44629,t4,Ambient,1,R2,2,1642,10.2,1,1
44629,t4,Ambient,1,R2,2,1643,9.8,1,1
44629,t4,Ambient,1,R2,2,1644,6.6,1,1
44629,t4,Ambient,1,R2,2,1645,14.8,0,0
44629,t4,Ambient,1,R2,2,1646,10.5,0,0
44629,t4,Ambient,1,R2,2,1647,11.2,0,0
44629,t4,Ambient,1,R2,2,1648,13.3,0,0
44629,t4,Ambient,1,R2,2,1649,13.5,0,0
44629,t4,Ambient,1,R2,2,1650,17.7,1,1
44629,t4,Ambient,1,R2,2,1651,8.6,1,1
44629,t4,Ambient,1,R2,2,1652,11.8,0,0
44629,t4,Ambient,1,R2,2,1653,2.5,0,0
44629,t4,Ambient,1,R2,2,1654,7.3,0,0
44629,t4,Ambient,1,R2,2,1655,1.6,0,0
44629,t4,Ambient,1,R3,3,1656,4.4,0,0
44629,t4,Ambient,1,R3,3,1657,6.7,0,0
44629,t4,Ambient,1,R3,3,1658,13.2,0,0
44629,t4,Ambient,1,R3,3,1659,8.9,1,1
44629,t4,Ambient,1,R3,3,1660,9.4,0,0
44629,t4,Ambient,1,R3,3,1661,8,0,0
44629,t4,Ambient,1,R3,3,1662,5.9,0,0
44629,t4,Ambient,1,R3,3,1663,4.6,1,1
44629,t4,Ambient,1,R3,3,1664,12.6,1,1
44629,t4,Ambient,1,R3,3,1665,9,0,0
44629,t4,Ambient,1,R3,3,1666,10.1,1,1
44629,t4,Ambient,1,R3,3,1667,10.6,0,0
44629,t4,Ambient,1,R3,3,1668,6.3,0,0
44629,t4,Ambient,1,R3,3,1669,7.9,0,0
44629,t4,Ambient,1,R3,3,1670,8,1,1
44629,t4,Ambient,1,R3,3,1671,7.4,0,0
44629,t4,Ambient,1,R3,3,1672,1.2,0,0
44629,t4,Ambient,1,R3,3,1673,2.5,0,0
44629,t4,Ambient,1,R3,3,1674,2.4,0,0
44629,t4,Ambient,2,R1,4,1675,12.4,0,0
44629,t4,Ambient,2,R1,4,1676,7.2,0,0
44629,t4,Ambient,2,R1,4,1677,3.4,0,0
44629,t4,Ambient,2,R1,4,1678,9.3,1,1
44629,t4,Ambient,2,R1,4,1679,11.6,1,1
44629,t4,Ambient,2,R1,4,1680,13.4,0,0
44629,t4,Ambient,2,R1,4,1681,9.1,0,0
44629,t4,Ambient,2,R1,4,1682,3.6,0,0
44629,t4,Ambient,2,R1,4,1683,13.6,0,0
44629,t4,Ambient,2,R1,4,1684,8.3,1,1
44629,t4,Ambient,2,R1,4,1685,8.7,0,0
44629,t4,Ambient,2,R1,4,1686,6.5,0,0
44629,t4,Ambient,2,R1,4,1687,12.3,1,1
44629,t4,Ambient,2,R1,4,1688,7.6,2,1
44629,t4,Ambient,2,R1,4,1689,9.7,1,1
44629,t4,Ambient,2,R1,4,1690,10,1,1
44629,t4,Ambient,2,R1,4,1691,12,0,0
44629,t4,Ambient,2,R1,4,1692,10.4,0,0
44629,t4,Ambient,2,R1,4,1693,7,1,1
44629,t4,Ambient,2,R1,4,1694,9.2,0,0
44629,t4,Ambient,2,R2,5,1695,10,0,0
44629,t4,Ambient,2,R2,5,1696,9.5,1,1
44629,t4,Ambient,2,R2,5,1697,10.8,1,1
44629,t4,Ambient,2,R2,5,1698,9.6,0,0
44629,t4,Ambient,2,R2,5,1699,9.4,0,0
44629,t4,Ambient,2,R2,5,1700,9.4,0,0
44629,t4,Ambient,2,R2,5,1701,12.3,0,0
44629,t4,Ambient,2,R2,5,1702,10.7,0,0
44629,t4,Ambient,2,R2,5,1703,12.7,1,1
44629,t4,Ambient,2,R2,5,1704,8.7,0,0
44629,t4,Ambient,2,R2,5,1705,9.1,0,0
44629,t4,Ambient,2,R2,5,1706,8.7,1,1
44629,t4,Ambient,2,R2,5,1707,4.7,0,0
44629,t4,Ambient,2,R2,5,1708,15.8,0,0
44629,t4,Ambient,2,R2,5,1709,7.4,1,1
44629,t4,Ambient,2,R2,5,1710,11.6,0,0
44629,t4,Ambient,2,R2,5,1711,6.3,1,1
44629,t4,Ambient,2,R2,5,1712,7.7,1,1
44629,t4,Ambient,2,R2,5,1713,9.7,0,0
44629,t4,Ambient,2,R2,5,1714,5.5,1,1
44629,t4,Ambient,2,R3,6,1715,3.7,0,0
44629,t4,Ambient,2,R3,6,1716,5.7,0,0
44629,t4,Ambient,2,R3,6,1717,13,0,0
44629,t4,Ambient,2,R3,6,1718,5.9,0,0
44629,t4,Ambient,2,R3,6,1719,10.9,0,0
44629,t4,Ambient,2,R3,6,1720,9.7,0,0
44629,t4,Ambient,2,R3,6,1721,8.2,1,1
44629,t4,Ambient,2,R3,6,1722,11.5,1,1
44629,t4,Ambient,2,R3,6,1723,9.8,0,0
44629,t4,Ambient,2,R3,6,1724,14.1,1,1
44629,t4,Ambient,2,R3,6,1725,7.1,0,0
44629,t4,Ambient,2,R3,6,1726,13.4,1,1
44629,t4,Ambient,2,R3,6,1727,5.4,0,0
44629,t4,Ambient,2,R3,6,1728,8.8,1,1
44629,t4,Ambient,2,R3,6,1729,8.2,0,0
44629,t4,Ambient,2,R3,6,1730,7.2,1,1
44629,t4,Ambient,2,R3,6,1731,7.3,0,0
44629,t4,Ambient,2,R3,6,1732,8.6,1,1
44629,t4,Ambient,2,R3,6,1733,5.6,1,1
44629,t4,Ambient,2,R3,6,1734,8.9,1,1
44629,t4,Ambient,3,R1,7,1735,11,0,0
44629,t4,Ambient,3,R1,7,1736,6.5,2,1
44629,t4,Ambient,3,R1,7,1737,11.1,0,0
44629,t4,Ambient,3,R1,7,1738,15.1,1,1
44629,t4,Ambient,3,R1,7,1739,6.3,0,0
44629,t4,Ambient,3,R1,7,1740,7.3,1,1
44629,t4,Ambient,3,R1,7,1741,6.4,0,0
44629,t4,Ambient,3,R1,7,1742,7.2,1,1
44629,t4,Ambient,3,R1,7,1743,6.8,0,0
44629,t4,Ambient,3,R1,7,1744,6.1,1,1
44629,t4,Ambient,3,R1,7,1745,7.5,1,1
44629,t4,Ambient,3,R1,7,1746,7.7,0,0
44629,t4,Ambient,3,R1,7,1747,12.2,0,0
44629,t4,Ambient,3,R1,7,1748,9.6,1,1
44629,t4,Ambient,3,R1,7,1749,5.3,0,0
44629,t4,Ambient,3,R1,7,1750,5,1,1
44629,t4,Ambient,3,R1,7,1751,15.1,1,1
44629,t4,Ambient,3,R1,7,1752,6.8,1,1
44629,t4,Ambient,3,R1,7,1753,3.6,0,0
44629,t4,Ambient,3,R1,7,1754,7.4,0,0
44629,t4,Ambient,3,R2,8,1755,7.2,0,0
44629,t4,Ambient,3,R2,8,1756,10.2,0,0
44629,t4,Ambient,3,R2,8,1757,7,1,1
44629,t4,Ambient,3,R2,8,1758,12,0,0
44629,t4,Ambient,3,R2,8,1759,10.6,0,0
44629,t4,Ambient,3,R2,8,1760,8.4,0,0
44629,t4,Ambient,3,R2,8,1761,6.3,0,0
44629,t4,Ambient,3,R2,8,1762,3.4,0,0
44629,t4,Ambient,3,R2,8,1763,7.5,0,0
44629,t4,Ambient,3,R2,8,1764,9.6,0,0
44629,t4,Ambient,3,R2,8,1765,2.3,0,0
44629,t4,Ambient,3,R2,8,1766,9.5,0,0
44629,t4,Ambient,3,R2,8,1767,11.4,1,1
44629,t4,Ambient,3,R2,8,1768,13.5,0,0
44629,t4,Ambient,3,R2,8,1769,6.4,0,0
44629,t4,Ambient,3,R2,8,1770,3.9,1,1
44629,t4,Ambient,3,R2,8,1771,9.8,1,1
44629,t4,Ambient,3,R2,8,1772,10.9,0,0
44629,t4,Ambient,3,R2,8,1773,8.6,1,1
44629,t4,Ambient,3,R2,8,1774,7.4,0,0
44629,t4,Ambient,3,R3,9,1775,4.9,1,1
44629,t4,Ambient,3,R3,9,1776,6.5,0,0
44629,t4,Ambient,3,R3,9,1777,10.9,0,0
44629,t4,Ambient,3,R3,9,1778,7.2,1,1
44629,t4,Ambient,3,R3,9,1779,12.1,1,1
44629,t4,Ambient,3,R3,9,1780,9.6,0,0
44629,t4,Ambient,3,R3,9,1781,3.5,0,0
44629,t4,Ambient,3,R3,9,1782,6.1,0,0
44629,t4,Ambient,3,R3,9,1783,6.1,1,1
44629,t4,Ambient,3,R3,9,1784,8.7,0,0
44629,t4,Ambient,3,R3,9,1785,5,1,1
44629,t4,Ambient,3,R3,9,1786,5.4,0,0
44629,t4,Ambient,3,R3,9,1787,6.5,0,0
44629,t4,Ambient,3,R3,9,1788,6.6,1,1
44629,t4,Ambient,3,R3,9,1789,9,2,1
44629,t4,Ambient,3,R3,9,1790,8.1,1,1
44629,t4,Ambient,3,R3,9,1791,8.8,0,0
44629,t4,Ambient,3,R3,9,1792,7.5,0,0
44629,t4,Ambient,3,R3,9,1793,12.8,1,1
44629,t4,Ambient,3,R3,9,1794,5.5,1,1
44629,t4,Low,1,R1,10,1795,12.8,0,0
44629,t4,Low,1,R1,10,1796,11.3,0,0
44629,t4,Low,1,R1,10,1797,9.5,1,1
44629,t4,Low,1,R1,10,1798,11.6,0,0
44629,t4,Low,1,R1,10,1799,9.1,1,1
44629,t4,Low,1,R1,10,1800,3,0,0
44629,t4,Low,1,R1,10,1801,13.8,1,1
44629,t4,Low,1,R1,10,1802,5.8,0,0
44629,t4,Low,1,R1,10,1803,7.6,1,1
44629,t4,Low,1,R1,10,1804,10.4,1,1
44629,t4,Low,1,R1,10,1805,10.4,0,0
44629,t4,Low,1,R1,10,1806,5.3,1,1
44629,t4,Low,1,R1,10,1807,7.8,3,1
44629,t4,Low,1,R1,10,1808,7.2,1,1
44629,t4,Low,1,R1,10,1809,2.6,0,0
44629,t4,Low,1,R1,10,1810,2.3,0,0
44629,t4,Low,1,R1,10,1811,4.7,1,1
44629,t4,Low,1,R2,11,1812,6,1,1
44629,t4,Low,1,R2,11,1813,3.3,0,0
44629,t4,Low,1,R2,11,1814,7.4,0,0
44629,t4,Low,1,R2,11,1815,5.5,1,1
44629,t4,Low,1,R2,11,1816,6.4,0,0
44629,t4,Low,1,R2,11,1817,4.9,0,0
44629,t4,Low,1,R2,11,1818,6.8,0,0
44629,t4,Low,1,R2,11,1819,2.5,0,0
44629,t4,Low,1,R2,11,1820,4.5,1,1
44629,t4,Low,1,R2,11,1821,6.4,1,1
44629,t4,Low,1,R2,11,1822,5.8,0,0
44629,t4,Low,1,R2,11,1823,10.7,0,0
44629,t4,Low,1,R2,11,1824,7.5,1,1
44629,t4,Low,1,R2,11,1825,6.2,1,1
44629,t4,Low,1,R2,11,1826,5.9,1,1
44629,t4,Low,1,R2,11,1827,3.9,0,0
44629,t4,Low,1,R2,11,1828,8.4,1,1
44629,t4,Low,1,R2,11,1829,10.4,1,1
44629,t4,Low,1,R2,11,1830,5.3,1,1
44629,t4,Low,1,R2,11,1831,3.6,0,0
44629,t4,Low,1,R3,12,1832,7.5,1,1
44629,t4,Low,1,R3,12,1833,7.9,1,1
44629,t4,Low,1,R3,12,1834,6.2,0,0
44629,t4,Low,1,R3,12,1835,7.5,0,0
44629,t4,Low,1,R3,12,1836,6.2,0,0
44629,t4,Low,1,R3,12,1837,10.9,0,0
44629,t4,Low,1,R3,12,1838,11.6,0,0
44629,t4,Low,1,R3,12,1839,12.8,0,0
44629,t4,Low,1,R3,12,1840,15.7,0,0
44629,t4,Low,1,R3,12,1841,7.8,2,1
44629,t4,Low,1,R3,12,1842,13.7,0,0
44629,t4,Low,1,R3,12,1843,5.7,0,0
44629,t4,Low,1,R3,12,1844,8.6,0,0
44629,t4,Low,1,R3,12,1845,4.5,0,0
44629,t4,Low,1,R3,12,1846,3.4,0,0
44629,t4,Low,1,R3,12,1847,5.8,1,1
44629,t4,Low,1,R3,12,1848,2.8,0,0
44629,t4,Low,1,R3,12,1849,2.5,0,0
44629,t4,Low,2,R1,13,1850,15.2,1,1
44629,t4,Low,2,R1,13,1851,4.5,0,0
44629,t4,Low,2,R1,13,1852,11.5,0,0
44629,t4,Low,2,R1,13,1853,9.3,0,0
44629,t4,Low,2,R1,13,1854,6.3,1,1
44629,t4,Low,2,R1,13,1855,6.2,0,0
44629,t4,Low,2,R1,13,1856,9.3,1,1
44629,t4,Low,2,R1,13,1857,14.8,1,1
44629,t4,Low,2,R1,13,1858,7.4,1,1
44629,t4,Low,2,R1,13,1859,9.1,0,0
44629,t4,Low,2,R1,13,1860,5.6,1,1
44629,t4,Low,2,R1,13,1861,8.4,0,0
44629,t4,Low,2,R1,13,1862,11.9,1,1
44629,t4,Low,2,R1,13,1863,5.5,1,1
44629,t4,Low,2,R1,13,1864,8.6,1,1
44629,t4,Low,2,R1,13,1865,6.2,1,1
44629,t4,Low,2,R1,13,1866,8.3,0,0
44629,t4,Low,2,R1,13,1867,5.3,0,0
44629,t4,Low,2,R1,13,1868,7,1,1
44629,t4,Low,2,R1,13,1869,8,1,1
44629,t4,Low,2,R2,14,1870,10.5,1,1
44629,t4,Low,2,R2,14,1871,7.3,0,0
44629,t4,Low,2,R2,14,1872,9.1,0,0
44629,t4,Low,2,R2,14,1873,6,0,0
44629,t4,Low,2,R2,14,1874,8.9,0,0
44629,t4,Low,2,R2,14,1875,12.7,0,0
44629,t4,Low,2,R2,14,1876,7.3,0,0
44629,t4,Low,2,R2,14,1877,11.3,0,0
44629,t4,Low,2,R2,14,1878,9.4,0,0
44629,t4,Low,2,R2,14,1879,10,1,1
44629,t4,Low,2,R2,14,1880,11.3,0,0
44629,t4,Low,2,R2,14,1881,12.7,1,1
44629,t4,Low,2,R2,14,1882,5.7,1,1
44629,t4,Low,2,R2,14,1883,9.3,0,0
44629,t4,Low,2,R2,14,1884,8.1,0,0
44629,t4,Low,2,R2,14,1885,6.5,1,1
44629,t4,Low,2,R2,14,1886,6.4,1,1
44629,t4,Low,2,R2,14,1887,6.8,0,0
44629,t4,Low,2,R2,14,1888,7.5,0,0
44629,t4,Low,2,R2,14,1889,6.3,0,0
44629,t4,Low,2,R3,15,1890,8.7,0,0
44629,t4,Low,2,R3,15,1891,12,0,0
44629,t4,Low,2,R3,15,1892,5.7,1,1
44629,t4,Low,2,R3,15,1893,9.2,1,1
44629,t4,Low,2,R3,15,1894,9.9,1,1
44629,t4,Low,2,R3,15,1895,4.8,1,1
44629,t4,Low,2,R3,15,1896,17.7,1,1
44629,t4,Low,2,R3,15,1897,12.3,0,0
44629,t4,Low,2,R3,15,1898,7.5,1,1
44629,t4,Low,2,R3,15,1899,9.2,1,1
44629,t4,Low,2,R3,15,1900,7.3,1,1
44629,t4,Low,2,R3,15,1901,10.2,0,0
44629,t4,Low,2,R3,15,1902,13.8,1,1
44629,t4,Low,2,R3,15,1903,10,0,0
44629,t4,Low,2,R3,15,1904,9.3,0,0
44629,t4,Low,2,R3,15,1905,7.7,1,1
44629,t4,Low,2,R3,15,1906,9.9,0,0
44629,t4,Low,2,R3,15,1907,6.4,2,1
44629,t4,Low,2,R3,15,1908,10.9,0,0
44629,t4,Low,2,R3,15,1909,5.5,0,0
44629,t4,Low,3,R1,16,1910,9.2,0,0
44629,t4,Low,3,R1,16,1911,6.7,0,0
44629,t4,Low,3,R1,16,1912,10.3,1,1
44629,t4,Low,3,R1,16,1913,7.2,0,0
44629,t4,Low,3,R1,16,1914,9,2,1
44629,t4,Low,3,R1,16,1915,10,1,1
44629,t4,Low,3,R1,16,1916,7.4,0,0
44629,t4,Low,3,R1,16,1917,11.2,1,1
44629,t4,Low,3,R1,16,1918,9.5,1,1
44629,t4,Low,3,R1,16,1919,5.1,0,0
44629,t4,Low,3,R1,16,1920,10.3,0,0
44629,t4,Low,3,R1,16,1921,7.3,1,1
44629,t4,Low,3,R1,16,1922,7.4,1,1
44629,t4,Low,3,R1,16,1923,8,0,0
44629,t4,Low,3,R1,16,1924,7.2,1.5,1
44629,t4,Low,3,R1,16,1925,6.4,1,1
44629,t4,Low,3,R1,16,1926,12.9,1,1
44629,t4,Low,3,R1,16,1927,6.4,0,0
44629,t4,Low,3,R1,16,1928,6.1,0,0
44629,t4,Low,3,R1,16,1929,5.4,0,0
44629,t4,Low,3,R2,17,1930,6.2,0,0
44629,t4,Low,3,R2,17,1931,8.2,0,0
44629,t4,Low,3,R2,17,1932,11.3,0,0
44629,t4,Low,3,R2,17,1933,5.4,3,1
44629,t4,Low,3,R2,17,1934,7.8,2,1
44629,t4,Low,3,R2,17,1935,9.5,0,0
44629,t4,Low,3,R2,17,1936,10.8,0,0
44629,t4,Low,3,R2,17,1937,7.8,0,0
44629,t4,Low,3,R2,17,1938,9,0,0
44629,t4,Low,3,R2,17,1939,4.2,0,0
44629,t4,Low,3,R2,17,1940,7.3,0,0
44629,t4,Low,3,R2,17,1941,4.6,0,0
44629,t4,Low,3,R2,17,1942,9.2,1,1
44629,t4,Low,3,R2,17,1943,4.7,0,0
44629,t4,Low,3,R2,17,1944,7.6,0,0
44629,t4,Low,3,R2,17,1945,9.7,1,1
44629,t4,Low,3,R2,17,1946,7,0,0
44629,t4,Low,3,R2,17,1947,6.2,0,0
44629,t4,Low,3,R2,17,1948,10,1,1
44629,t4,Low,3,R2,17,1949,6.7,1,1
44629,t4,Low,3,R3,18,1950,6.2,0,0
44629,t4,Low,3,R3,18,1951,7,0,0
44629,t4,Low,3,R3,18,1952,8.2,0,0
44629,t4,Low,3,R3,18,1953,9.8,0,0
44629,t4,Low,3,R3,18,1954,15.4,1,1
44629,t4,Low,3,R3,18,1955,6.2,0,0
44629,t4,Low,3,R3,18,1956,8.6,0,0
44629,t4,Low,3,R3,18,1957,6.5,0,0
44629,t4,Low,3,R3,18,1958,7.4,1,1
44629,t4,Low,3,R3,18,1959,9,1,1
44629,t4,Low,3,R3,18,1960,15.4,1,1
44629,t4,Low,3,R3,18,1961,13.4,1,1
44629,t4,Low,3,R3,18,1962,12.1,0,0
44629,t4,Low,3,R3,18,1963,8.3,1,1
44629,t4,Low,3,R3,18,1964,7.1,0,0
44629,t4,Low,3,R3,18,1965,3.7,1,1
44629,t4,Low,3,R3,18,1966,12,0,0
44629,t4,Low,3,R3,18,1967,8.1,1,1
44629,t4,Low,3,R3,18,1968,9.9,0,0
44629,t4,Low,3,R3,18,1969,5.6,0,0
44629,t4,High,1,R1,19,1970,4.5,2,1
44629,t4,High,1,R1,19,1971,6.4,0,0
44629,t4,High,1,R1,19,1972,9.2,1,1
44629,t4,High,1,R1,19,1973,10.3,0,0
44629,t4,High,1,R1,19,1974,11,0,0
44629,t4,High,1,R1,19,1975,12.6,0,0
44629,t4,High,1,R1,19,1976,3.8,0,0
44629,t4,High,1,R1,19,1977,13.3,0,0
44629,t4,High,1,R1,19,1978,9.4,0,0
44629,t4,High,1,R1,19,1979,5.3,0,0
44629,t4,High,1,R1,19,1980,6.2,1,1
44629,t4,High,1,R1,19,1981,14.7,1,1
44629,t4,High,1,R1,19,1982,12.3,1,1
44629,t4,High,1,R1,19,1983,5,3,1
44629,t4,High,1,R1,19,1984,7,1,1
44629,t4,High,1,R1,19,1985,2.8,0,0
44629,t4,High,1,R1,19,1986,4.3,1,1
44629,t4,High,1,R1,19,1987,2.5,0,0
44629,t4,High,1,R1,19,1988,2.8,0,0
44629,t4,High,1,R1,19,1989,3,0,0
44629,t4,High,1,R2,20,1990,9.7,0,0
44629,t4,High,1,R2,20,1991,11.1,1,1
44629,t4,High,1,R2,20,1992,14.4,1,1
44629,t4,High,1,R2,20,1993,9,0,0
44629,t4,High,1,R2,20,1994,9.9,1,1
44629,t4,High,1,R2,20,1995,6.2,0,0
44629,t4,High,1,R2,20,1996,7.2,1,1
44629,t4,High,1,R2,20,1997,11,0,0
44629,t4,High,1,R2,20,1998,6.9,1,1
44629,t4,High,1,R2,20,1999,5,0,0
44629,t4,High,1,R2,20,2000,8.5,0,0
44629,t4,High,1,R2,20,2001,11.1,0,0
44629,t4,High,1,R2,20,2002,3.5,0,0
44629,t4,High,1,R2,20,2003,5.8,1,1
44629,t4,High,1,R2,20,2004,13.1,1,1
44629,t4,High,1,R2,20,2005,5.3,0,0
44629,t4,High,1,R3,21,2006,6.1,1,1
44629,t4,High,1,R3,21,2007,12.6,0,0
44629,t4,High,1,R3,21,2008,13.4,1,1
44629,t4,High,1,R3,21,2009,11,1,1
44629,t4,High,1,R3,21,2010,13.4,1,1
44629,t4,High,1,R3,21,2011,10.6,0,0
44629,t4,High,1,R3,21,2012,8.1,1,1
44629,t4,High,1,R3,21,2013,10.6,1,1
44629,t4,High,1,R3,21,2014,4.7,0,0
44629,t4,High,1,R3,21,2015,5.1,0,0
44629,t4,High,1,R3,21,2016,10.6,1,1
44629,t4,High,1,R3,21,2017,10.9,1,1
44629,t4,High,1,R3,21,2018,5.8,0,0
44629,t4,High,1,R3,21,2019,12,1,1
44629,t4,High,1,R3,21,2020,4,0,0
44629,t4,High,1,R3,21,2021,5.5,0,0
44629,t4,High,1,R3,21,2022,4.1,0,0
44629,t4,High,2,R1,22,2023,6.6,0,0
44629,t4,High,2,R1,22,2024,4.6,1,1
44629,t4,High,2,R1,22,2025,8.5,1,1
44629,t4,High,2,R1,22,2026,5.3,0,0
44629,t4,High,2,R1,22,2027,10.1,0,0
44629,t4,High,2,R1,22,2028,8.8,1,1
44629,t4,High,2,R1,22,2029,6.6,1,1
44629,t4,High,2,R1,22,2030,5.3,0,0
44629,t4,High,2,R1,22,2031,8.2,1,1
44629,t4,High,2,R1,22,2032,8,1,1
44629,t4,High,2,R1,22,2033,9.3,1,1
44629,t4,High,2,R1,22,2034,13.6,0,0
44629,t4,High,2,R1,22,2035,12.9,0,0
44629,t4,High,2,R1,22,2036,5.9,0,0
44629,t4,High,2,R1,22,2037,12.8,1,1
44629,t4,High,2,R1,22,2038,9.8,1,1
44629,t4,High,2,R1,22,2039,5.8,0,0
44629,t4,High,2,R1,22,2040,5.9,1,1
44629,t4,High,2,R1,22,2041,5.7,1,1
44629,t4,High,2,R1,22,2042,5.1,0,0
44629,t4,High,2,R2,23,2043,4.9,1,1
44629,t4,High,2,R2,23,2044,9.7,1,1
44629,t4,High,2,R2,23,2045,7.2,0,0
44629,t4,High,2,R2,23,2046,8.7,1,1
44629,t4,High,2,R2,23,2047,8,0,0
44629,t4,High,2,R2,23,2048,13,1,1
44629,t4,High,2,R2,23,2049,11.9,1,1
44629,t4,High,2,R2,23,2050,10.8,1,1
44629,t4,High,2,R2,23,2051,7.3,0,0
44629,t4,High,2,R2,23,2052,11.7,0,0
44629,t4,High,2,R2,23,2053,10.3,0,0
44629,t4,High,2,R2,23,2054,8.3,1,1
44629,t4,High,2,R2,23,2055,8.3,0,0
44629,t4,High,2,R2,23,2056,6.7,0,0
44629,t4,High,2,R2,23,2057,9,1,1
44629,t4,High,2,R2,23,2058,9.9,0,0
44629,t4,High,2,R2,23,2059,14.9,0,0
44629,t4,High,2,R2,23,2060,6.6,0,0
44629,t4,High,2,R2,23,2061,6.8,1,1
44629,t4,High,2,R2,23,2062,7,1,1
44629,t4,High,2,R3,24,2063,8.5,0,0
44629,t4,High,2,R3,24,2064,7.4,1,1
44629,t4,High,2,R3,24,2065,7.9,1,1
44629,t4,High,2,R3,24,2066,9.9,1,1
44629,t4,High,2,R3,24,2067,6.7,0,0
44629,t4,High,2,R3,24,2068,8.6,0,0
44629,t4,High,2,R3,24,2069,8.1,0,0
44629,t4,High,2,R3,24,2070,8.4,0,0
44629,t4,High,2,R3,24,2071,6,0,0
44629,t4,High,2,R3,24,2072,8.2,2,1
44629,t4,High,2,R3,24,2073,7.8,1,1
44629,t4,High,2,R3,24,2074,8,0,0
44629,t4,High,2,R3,24,2075,10.1,1,1
44629,t4,High,2,R3,24,2076,5.8,1,1
44629,t4,High,2,R3,24,2077,14.7,2,1
44629,t4,High,2,R3,24,2078,8.4,0,0
44629,t4,High,2,R3,24,2079,6.4,1,1
44629,t4,High,2,R3,24,2080,5.7,1,1
44629,t4,High,2,R3,24,2081,7.6,0,0
44629,t4,High,2,R3,24,2082,7.3,1,1
44629,t4,High,3,R1,25,2083,10.8,0,0
44629,t4,High,3,R1,25,2084,7.6,1,1
44629,t4,High,3,R1,25,2085,13.6,0,0
44629,t4,High,3,R1,25,2086,9.3,0,0
44629,t4,High,3,R1,25,2087,10.7,0,0
44629,t4,High,3,R1,25,2088,7.4,1,1
44629,t4,High,3,R1,25,2089,12.9,1,1
44629,t4,High,3,R1,25,2090,7.8,1,1
44629,t4,High,3,R1,25,2091,8.5,0,0
44629,t4,High,3,R1,25,2092,5.5,1,1
44629,t4,High,3,R1,25,2093,4.7,1,1
44629,t4,High,3,R1,25,2094,5.3,0,0
44629,t4,High,3,R1,25,2095,6.5,1,1
44629,t4,High,3,R1,25,2096,9.7,1,1
44629,t4,High,3,R1,25,2097,4.9,0,0
44629,t4,High,3,R1,25,2098,5.7,1,1
44629,t4,High,3,R1,25,2099,12.6,0,0
44629,t4,High,3,R1,25,2100,13.2,0,0
44629,t4,High,3,R1,25,2101,5.6,1,1
44629,t4,High,3,R1,25,2102,8,1,1
44629,t4,High,3,R2,26,2103,6.1,0,0
44629,t4,High,3,R2,26,2104,6.4,1,1
44629,t4,High,3,R2,26,2105,9.2,1,1
44629,t4,High,3,R2,26,2106,10.5,1,1
44629,t4,High,3,R2,26,2107,5.8,0,0
44629,t4,High,3,R2,26,2108,12.5,0,0
44629,t4,High,3,R2,26,2109,6.8,1,1
44629,t4,High,3,R2,26,2110,5.2,0,0
44629,t4,High,3,R2,26,2111,6.9,1,1
44629,t4,High,3,R2,26,2112,7.4,1,1
44629,t4,High,3,R2,26,2113,8.7,1,1
44629,t4,High,3,R2,26,2114,9.4,1,1
44629,t4,High,3,R2,26,2115,5.7,1.5,1
44629,t4,High,3,R2,26,2116,6.5,1,1
44629,t4,High,3,R2,26,2117,5,0,0
44629,t4,High,3,R2,26,2118,9.8,0,0
44629,t4,High,3,R2,26,2119,6.6,0,0
44629,t4,High,3,R2,26,2120,7,1,1
44629,t4,High,3,R2,26,2121,6.8,1,1
44629,t4,High,3,R2,26,2122,6.6,1,1
44629,t4,High,3,R3,27,2123,12.1,0,0
44629,t4,High,3,R3,27,2124,6,1,1
44629,t4,High,3,R3,27,2125,5,1,1
44629,t4,High,3,R3,27,2126,8.6,0,0
44629,t4,High,3,R3,27,2127,7.8,1,1
44629,t4,High,3,R3,27,2128,5.9,1,1
44629,t4,High,3,R3,27,2129,5.9,1,1
44629,t4,High,3,R3,27,2130,6.5,0,0
44629,t4,High,3,R3,27,2131,6.7,1,1
44629,t4,High,3,R3,27,2132,8.9,1,1
44629,t4,High,3,R3,27,2133,5.8,0,0
44629,t4,High,3,R3,27,2134,7.3,0,0
44629,t4,High,3,R3,27,2135,4.5,1,1
44629,t4,High,3,R3,27,2136,8.2,1,1
44629,t4,High,3,R3,27,2137,8.6,0,0
44629,t4,High,3,R3,27,2138,6.6,0,0
44629,t4,High,3,R3,27,2139,10.2,0,0
44629,t4,High,3,R3,27,2140,6.3,1,1
44629,t4,High,3,R3,27,2141,6.1,1,1
44629,t4,High,3,R3,27,2142,7.7,1,1
